"57695","10401"
"22656","9041"
"139985","8679"
"571407","6842"
"157882","6654"
"992484","6266"
"207421","5872"
"131872","4887"
"522444","4759"
"203907","4456"
"37213","4317"
"230513","4171"
"418556","3714"
"256196","3444"
"438154","3229"
"260990","3162"
"478399","3059"
"871026","3056"
"714968","2889"
"1831293","2733"
"70604","2728"
"53897","2591"
"12960","2557"
"1103872","2427"
"829571","2406"
"2970947","2400"
"105224","2377"
"276052","2219"
"16883","2199"
"21234","2161"
"335858","2128"
"1707091","2107"
"984823","2093"
"4725","2060"
"34088","2026"
"535871","2008"
"1679863","1980"
"383861","1937"
"2314073","1920"
"342852","1912"
"367273","1872"
"1927832","1798"
"605744","1784"
"2587435","1686"
"115145","1613"
"40342","1587"
"103154","1577"
"869736","1481"
"438992","1458"
"4249","1458"
"1065197","1436"
"1094597","1412"
"637853","1398"
"1293744","1397"
"3218114","1389"
"14955","1377"
"1393766","1360"
"573032","1343"
"20654","1282"
"1869846","1281"
"3474","1272"
"1093528","1235"
"179850","1223"
"301607","1168"
"1221571","1159"
"552759","1142"
"304","1121"
"251173","1118"
"135589","1107"
"201359","1066"
"157247","1065"
"680925","1054"
"276101","1036"
"155137","1027"
"548225","1012"
"1034737","1011"
"1357341","1001"
"597657","989"
"218978","974"
"1081110","968"
"3049628","967"
"1079354","967"
"18157","954"
"209513","947"
"464988","939"
"302139","912"
"243943","908"
"928711","904"
"1189885","904"
"1704529","899"
"823393","893"
"121747","885"
"280244","873"
"6309","868"
"714969","868"
"34397","866"
"45664","862"
"302916","858"
"127320","856"
"265143","856"
"600500","853"
"2310289","853"
"839646","850"
"659804","847"
"139010","845"
"7412","841"
"2024761","835"
"592139","829"
"228171","828"
"330057","820"
"2300597","797"
"738746","790"
"653856","789"
"241590","787"
"318758","773"
"1076463","769"
"1163607","768"
"183406","764"
"1735406","764"
"300257","764"
"77779","759"
"131433","755"
"1343161","753"
"513838","743"
"905762","743"
"598289","741"
"506855","739"
"572670","737"
"248432","733"
"59501","729"
"474189","727"
"2670892","724"
"65868","721"
"18393","717"
"203657","711"
"2071828","709"
"217324","707"
"940428","706"
"2193767","699"
"1265660","694"
"2396539","687"
"305644","675"
"2711488","673"
"12943","665"
"642706","652"
"3916","650"
"1424875","645"
"824987","644"
"870248","643"
"2353911","639"
"1749753","639"
"20394","635"
"184730","624"
"129570","622"
"61974","620"
"589259","619"
"13792","617"
"214010","616"
"1587046","615"
"2541560","612"
"42769","612"
"391554","612"
"331052","611"
"384706","608"
"808486","605"
"521799","605"
"142822","604"
"14860","598"
"2464386","597"
"177800","596"
"1288","594"
"104950","592"
"749588","587"
"616460","586"
"1237040","584"
"1003142","583"
"202009","579"
"343955","577"
"415448","574"
"581994","574"
"2598","573"
"3182664","570"
"390695","566"
"1440565","563"
"103043","561"
"1449199","558"
"2670792","555"
"263525","555"
"101361","554"
"1155209","549"
"551406","544"
"149808","540"
"64174","534"
"72673","534"
"574479","531"
"172211","524"
"697449","524"
"116509","522"
"106261","520"
"2422776","520"
"27439","520"
"127479","516"
"942391","516"
"750040","515"
"1870555","514"
"82511","507"
"185541","506"
"1133011","505"
"416206","504"
"501696","504"
"24054","503"
"1173114","500"
"453005","499"
"1040885","499"
"1997093","498"
"116639","497"
"32090","497"
"13663","496"
"931982","496"
"949300","496"
"13531","494"
"758280","493"
"15619","492"
"23072","492"
"544983","486"
"1206301","485"
"443515","485"
"466862","482"
"131368","481"
"2664200","481"
"185722","480"
"352131","478"
"86989","473"
"2702504","473"
"61624","472"
"50476","472"
"1705598","465"
"326480","464"
"991778","463"
"422597","463"
"192444","463"
"3282808","463"
"330315","461"
"86604","461"
"584862","461"
"41423","454"
"2415194","452"
"47773","451"
"18573","448"
"1719067","447"
"1882149","446"
"1019167","446"
"1048330","445"
"180659","445"
"697630","444"
"731620","443"
"1798593","442"
"416564","442"
"581205","440"
"421195","440"
"116472","439"
"653230","438"
"271357","437"
"89266","434"
"8946","434"
"119772","433"
"296328","432"
"1711796","431"
"205426","431"
"13","431"
"179630","429"
"313137","429"
"220834","429"
"19479","428"
"1076640","428"
"164835","428"
"21925","428"
"3545273","427"
"978917","427"
"1501794","425"
"1864167","425"
"1305253","424"
"312172","422"
"2891664","421"
"1202025","420"
"372643","420"
"1057230","420"
"559070","418"
"693752","418"
"122207","416"
"1796579","415"
"1113392","410"
"1836","409"
"204788","409"
"114226","408"
"1651233","406"
"395202","405"
"66686","403"
"121993","400"
"240078","398"
"1827903","397"
"2189127","397"
"1981279","396"
"501557","396"
"1057429","395"
"100516","394"
"1291492","392"
"3893496","392"
"1795530","389"
"1631193","386"
"24582","385"
"1380752","384"
"1225328","383"
"1768232","383"
"3636601","383"
"15880","379"
"233792","375"
"1455016","375"
"298455","375"
"3444777","374"
"2894369","374"
"100565","373"
"699224","373"
"1060350","372"
"723920","372"
"273200","372"
"1654265","371"
"1731862","370"
"69258","369"
"3269852","369"
"196211","368"
"331515","367"
"87197","366"
"964243","364"
"1624376","364"
"515034","361"
"570767","361"
"893","360"
"1151456","358"
"143585","357"
"2107876","357"
"2365297","357"
"473070","356"
"234901","356"
"397786","355"
"222674","355"
"244128","355"
"3296621","354"
"12048","354"
"290629","353"
"1894684","353"
"223429","349"
"2164109","349"
"17172","348"
"1727645","346"
"3333","345"
"1025201","345"
"2616073","345"
"139595","345"
"395659","344"
"263004","344"
"485337","344"
"685641","343"
"98811","342"
"103206","342"
"974186","341"
"1065180","341"
"277304","341"
"48933","340"
"20670","340"
"1256583","339"
"2696260","337"
"67606","337"
"495796","336"
"714965","336"
"782719","335"
"289171","334"
"1267768","334"
"1851024","334"
"155020","332"
"982341","332"
"577423","331"
"1143825","331"
"262683","328"
"187141","327"
"2587430","323"
"1001027","321"
"507099","321"
"35501","321"
"54506","320"
"2504224","320"
"193906","320"
"2736496","320"
"16853","319"
"343568","319"
"85421","319"
"1123123","319"
"2628956","318"
"687514","318"
"1479414","317"
"217862","316"
"20938","315"
"1631379","315"
"1059372","313"
"1622493","313"
"262022","312"
"2197700","312"
"1442874","311"
"256618","311"
"2115021","310"
"43582","310"
"82118","309"
"27198","309"
"7345","309"
"762913","308"
"180100","308"
"227140","306"
"64967","305"
"939023","303"
"1064245","303"
"118846","302"
"126769","302"
"227665","302"
"947357","300"
"843943","299"
"348975","299"
"691688","296"
"821657","296"
"531398","296"
"449856","295"
"527617","294"
"554988","294"
"301832","293"
"1267661","293"
"993742","292"
"719363","291"
"44330","291"
"19276","290"
"341508","290"
"1439305","289"
"936832","288"
"2073001","288"
"1346369","286"
"12030","286"
"181336","286"
"6509","286"
"2030471","286"
"2190336","286"
"162634","286"
"73070","284"
"846476","283"
"812912","281"
"58956","280"
"112877","280"
"516167","279"
"350890","279"
"300311","279"
"51382","277"
"1130930","277"
"140816","277"
"1060037","277"
"142446","274"
"1628375","274"
"303810","274"
"170974","273"
"751158","272"
"21441","272"
"67598","272"
"144746","271"
"41655","271"
"995891","271"
"104891","270"
"123582","269"
"406429","269"
"474283","269"
"202694","269"
"571189","269"
"664577","268"
"35092","268"
"216021","267"
"1667004","266"
"84889","265"
"438742","265"
"90848","265"
"1122959","264"
"489261","264"
"683735","263"
"1210779","263"
"166339","263"
"554431","263"
"2587166","263"
"217332","262"
"783412","262"
"1585767","262"
"10973","262"
"2380830","261"
"382763","261"
"212211","261"
"1484739","261"
"1247781","260"
"1813616","260"
"851811","260"
"80906","260"
"1180968","260"
"472792","260"
"2798291","260"
"2563754","259"
"367141","259"
"284538","259"
"1163802","259"
"771837","258"
"646634","258"
"851273","258"
"985949","257"
"1339987","257"
"112671","257"
"1620671","257"
"26620","257"
"120163","256"
"2477916","256"
"1066240","255"
"1759845","255"
"185322","254"
"2898867","254"
"1039952","253"
"202375","252"
"24396","252"
"1350762","251"
"507519","251"
"318174","251"
"112079","251"
"3230038","249"
"171061","249"
"671543","249"
"2675669","249"
"1223693","249"
"11296","249"
"1400768","248"
"3533191","248"
"1214089","247"
"82865","247"
"179233","247"
"895215","247"
"363751","247"
"315306","247"
"20322","246"
"919710","246"
"555576","245"
"605153","245"
"378968","245"
"178526","245"
"873165","244"
"608820","244"
"545127","244"
"241717","244"
"1025118","244"
"1892802","243"
"937892","243"
"1426891","242"
"6782","242"
"1599479","242"
"359035","242"
"2187042","242"
"1240763","242"
"2038768","242"
"1768226","242"
"8753","242"
"44523","242"
"254643","241"
"778118","241"
"898478","241"
"160811","241"
"31480","240"
"1932588","239"
"1420279","238"
"1268895","238"
"587884","238"
"1765039","238"
"365237","237"
"2554605","237"
"811001","237"
"1945127","237"
"1033896","237"
"136540","236"
"883033","236"
"579580","236"
"2854908","235"
"910736","235"
"3580294","235"
"68587","234"
"1043352","234"
"2036397","233"
"705773","233"
"3131203","233"
"12890","233"
"118228","233"
"1168372","233"
"20634","233"
"82804","233"
"760656","232"
"39622","231"
"1831987","231"
"1622894","231"
"1441122","231"
"57752","231"
"1360984","230"
"1358722","230"
"1231230","230"
"1479853","229"
"306030","229"
"330565","229"
"275567","229"
"70795","229"
"225757","229"
"1907906","229"
"42126","229"
"784540","228"
"2598988","228"
"9686","228"
"702638","228"
"278836","228"
"4893","227"
"1255746","227"
"1993366","226"
"330280","226"
"690553","226"
"1844392","226"
"992151","225"
"67566","225"
"24545","225"
"2491410","225"
"53300","225"
"1523342","225"
"1432","225"
"2316112","225"
"313205","224"
"150771","224"
"25949","224"
"272075","224"
"2745792","223"
"443716","223"
"1250303","223"
"272451","223"
"127035","223"
"128812","223"
"1074097","222"
"122428","222"
"249543","222"
"150978","222"
"43786","222"
"128645","222"
"49246","222"
"1428606","221"
"82559","221"
"635608","221"
"449693","220"
"61158","219"
"2790364","219"
"238704","219"
"2648","219"
"609251","219"
"981744","219"
"1680957","218"
"338004","218"
"1850609","218"
"361319","217"
"84378","217"
"3933089","216"
"720161","216"
"1509578","215"
"917548","215"
"493823","215"
"3069254","215"
"56524","214"
"1273080","214"
"830964","213"
"2553797","213"
"1142253","213"
"57423","213"
"1611055","213"
"2706605","212"
"1085186","212"
"388299","211"
"71399","211"
"1464455","211"
"1360074","211"
"1022141","211"
"428904","211"
"1147529","211"
"1267068","210"
"574799","210"
"15459","210"
"696632","209"
"925806","209"
"3895960","209"
"391161","209"
"767881","209"
"114251","209"
"1468366","209"
"1069068","208"
"13447","208"
"802050","208"
"185041","208"
"51292","208"
"575421","208"
"373962","208"
"1115554","208"
"1089967","207"
"1921273","207"
"419075","207"
"26457","207"
"838976","207"
"2088000","207"
"630136","207"
"216111","206"
"350491","206"
"1387157","206"
"598420","206"
"432806","206"
"2033703","205"
"2959","205"
"202214","205"
"59279","205"
"1134211","205"
"18154","204"
"1573835","204"
"1026805","204"
"3222695","204"
"1347281","204"
"1751640","203"
"7671","203"
"1237575","203"
"3295","203"
"153621","203"
"1058319","202"
"1277252","202"
"765009","202"
"628242","202"
"1700321","202"
"2095090","202"
"1743852","201"
"685923","201"
"289396","201"
"820127","201"
"318921","201"
"930207","201"
"768795","200"
"1145285","200"
"12719","200"
"715171","200"
"1734279","199"
"2192903","199"
"180090","199"
"85306","199"
"8969","198"
"1839336","198"
"3558960","198"
"2756547","197"
"1054140","197"
"291741","197"
"775715","197"
"1140748","197"
"471607","197"
"303598","196"
"363573","196"
"1818045","196"
"717214","196"
"451894","196"
"2738565","196"
"1763507","195"
"828625","195"
"1624202","195"
"1827992","195"
"1283215","195"
"520957","195"
"1520364","195"
"7094","194"
"31136","194"
"591495","194"
"72478","194"
"143938","194"
"497106","193"
"2511915","193"
"878126","193"
"62130","193"
"1527","193"
"831878","193"
"2413303","192"
"523391","192"
"332517","192"
"881272","192"
"2168879","192"
"721269","191"
"1786065","191"
"642340","191"
"555553","190"
"294097","190"
"2109070","190"
"710877","190"
"496099","189"
"1331415","189"
"341291","189"
"2097529","189"
"1891219","189"
"2472820","188"
"146347","188"
"1999125","188"
"27657","188"
"960524","188"
"2498729","187"
"791998","187"
"801894","187"
"1083951","187"
"1235867","187"
"654801","187"
"1527544","187"
"1961634","187"
"353852","187"
"2057294","186"
"1729265","186"
"1506071","186"
"1082681","186"
"1988693","186"
"373861","186"
"967330","186"
"384464","186"
"323871","185"
"396618","185"
"58082","185"
"676877","184"
"1031689","184"
"857132","184"
"162792","184"
"1570523","184"
"481248","184"
"293330","184"
"97745","184"
"477878","184"
"17175","184"
"185034","184"
"426412","184"
"11142","184"
"4028085","183"
"722760","183"
"31506","183"
"1515052","183"
"212952","182"
"2158288","182"
"2125973","182"
"2864740","182"
"118587","182"
"3297613","182"
"1774643","182"
"813951","182"
"1281407","181"
"776244","181"
"682495","181"
"43681","181"
"11654","181"
"10661","181"
"2783244","180"
"2225572","180"
"1400897","180"
"987339","180"
"637517","180"
"35264","180"
"1264321","180"
"504956","179"
"75126","179"
"26483","179"
"39062","179"
"871953","179"
"594183","179"
"356857","179"
"493939","179"
"1297272","178"
"977676","178"
"493928","178"
"210526","177"
"898289","177"
"51591","177"
"471070","177"
"48503","176"
"100957","176"
"20862","176"
"1161878","176"
"4125191","176"
"834362","176"
"2535242","175"
"1180966","175"
"2249962","175"
"260633","174"
"127359","174"
"1816356","174"
"688653","173"
"116339","173"
"1438660","173"
"113632","173"
"1055241","173"
"1091466","173"
"878732","172"
"1361506","172"
"894565","172"
"23691","172"
"450398","172"
"152578","172"
"1802512","172"
"1435657","172"
"1259109","171"
"3171","171"
"2706300","171"
"500916","171"
"1667773","171"
"44089","170"
"1108032","170"
"1760609","170"
"643141","170"
"2106516","170"
"335638","170"
"189992","169"
"507546","169"
"1114338","169"
"1299005","169"
"315228","169"
"2111035","169"
"306855","169"
"135078","168"
"2649012","168"
"2953344","168"
"559026","168"
"403132","168"
"3793867","168"
"9204","168"
"774183","167"
"2075524","167"
"111988","167"
"1427124","167"
"2040040","166"
"104117","166"
"45935","166"
"84651","166"
"5171","166"
"1278839","166"
"672586","165"
"36305","165"
"575659","165"
"282968","165"
"1936390","165"
"40581","165"
"1613867","164"
"2144390","164"
"118133","164"
"321862","164"
"741404","164"
"1707520","164"
"2263089","164"
"597770","164"
"529630","164"
"398670","163"
"1562558","163"
"185723","163"
"1977903","163"
"760489","163"
"1324709","163"
"684934","163"
"812303","163"
"1212960","163"
"240646","162"
"2745755","162"
"2471439","162"
"21005","162"
"531954","162"
"1279787","162"
"149311","162"
"145574","162"
"2061763","161"
"575376","161"
"2667872","161"
"106104","161"
"838841","161"
"16828","161"
"218454","161"
"2362","161"
"3274830","161"
"2792531","161"
"902383","161"
"162684","160"
"492694","160"
"53013","160"
"420613","160"
"1515592","160"
"212555","160"
"771964","160"
"115835","160"
"1309650","160"
"628943","160"
"620338","160"
"1178669","160"
"2312796","160"
"1414799","160"
"131929","160"
"172363","159"
"60956","159"
"1344008","159"
"191797","159"
"155392","159"
"412763","159"
"1517453","159"
"1440720","158"
"442451","158"
"130964","158"
"844882","158"
"1249325","158"
"1594980","157"
"120955","157"
"63293","157"
"966550","157"
"1423227","157"
"717341","157"
"261156","157"
"297762","157"
"313400","157"
"13379","157"
"1235698","157"
"2327745","156"
"750987","156"
"334279","156"
"540873","156"
"2326914","156"
"2003986","156"
"776084","156"
"1384984","156"
"341117","156"
"425367","156"
"488241","155"
"445543","155"
"213269","155"
"1614244","155"
"728812","155"
"715269","155"
"1759128","155"
"23354","155"
"2551312","154"
"47110","154"
"377270","154"
"192247","154"
"525725","154"
"222467","154"
"242930","154"
"896588","153"
"18122","153"
"339637","153"
"37298","153"
"312884","153"
"370305","153"
"1035","152"
"27905","152"
"365719","152"
"320700","152"
"815566","152"
"10026","152"
"321697","152"
"15472","151"
"266956","151"
"1122476","151"
"1003886","151"
"2991525","151"
"582675","151"
"122607","151"
"11721","151"
"1281433","151"
"1283845","151"
"1137043","151"
"1690982","151"
"805007","151"
"428916","150"
"337251","150"
"636009","150"
"139506","150"
"319403","150"
"47190","150"
"1300669","150"
"1370062","149"
"1657364","149"
"1735954","149"
"1540818","149"
"741558","149"
"1471203","149"
"1813858","149"
"78182","149"
"345717","149"
"639520","148"
"226975","148"
"1528401","148"
"1018419","148"
"49489","148"
"1695163","148"
"287","147"
"513342","147"
"1815485","147"
"4203","147"
"340088","147"
"1311351","147"
"3484146","147"
"117839","147"
"381345","147"
"1741671","147"
"95810","147"
"350542","147"
"2748004","147"
"83695","147"
"145989","146"
"528405","146"
"1423083","146"
"13687","146"
"560934","146"
"29407","146"
"374293","146"
"1007169","145"
"1235336","145"
"811918","145"
"328862","145"
"12541","145"
"250260","145"
"620554","145"
"193453","145"
"112222","145"
"2381006","145"
"1074041","144"
"65464","144"
"673730","144"
"221951","144"
"307767","144"
"29995","144"
"89391","144"
"560902","144"
"3260147","144"
"732016","144"
"721079","143"
"756809","143"
"1618135","143"
"1144248","143"
"379693","143"
"1031945","143"
"312407","143"
"128397","143"
"948652","143"
"14467","143"
"788109","143"
"1464763","143"
"836941","143"
"1919228","143"
"1397268","143"
"385478","143"
"23771","142"
"758133","142"
"215651","142"
"2031799","142"
"247533","142"
"1531054","142"
"2099208","142"
"143969","142"
"544198","142"
"138304","141"
"230717","141"
"982149","141"
"2662475","141"
"796559","141"
"25122","141"
"1263942","141"
"2173738","141"
"116791","141"
"1075956","141"
"868121","140"
"2390083","140"
"179910","140"
"61479","140"
"36611","140"
"626273","140"
"786935","140"
"450811","140"
"320180","140"
"2660679","140"
"97627","140"
"220381","140"
"1446916","140"
"1820501","140"
"1011995","140"
"109880","140"
"617373","139"
"1218985","139"
"244296","139"
"13189","139"
"1485064","139"
"137369","139"
"459557","139"
"2881298","139"
"445901","139"
"236247","138"
"1973271","138"
"1327788","138"
"28169","138"
"44124","138"
"746710","138"
"1466267","138"
"1688441","138"
"162410","138"
"1134181","138"
"717630","137"
"143069","137"
"1869933","137"
"1727092","137"
"1643558","137"
"41619","137"
"157672","137"
"1767992","137"
"1449982","137"
"1026645","136"
"247090","136"
"557500","136"
"968632","136"
"2964945","136"
"2255089","136"
"2055998","136"
"1374773","136"
"1135954","136"
"413337","136"
"397016","135"
"184581","135"
"11858","135"
"252552","135"
"557363","135"
"3973","135"
"547779","135"
"1522522","135"
"2148953","135"
"2817802","135"
"1037609","135"
"562388","134"
"1305501","134"
"431356","134"
"161895","134"
"861679","134"
"115018","134"
"383936","134"
"208446","134"
"7512","134"
"82609","134"
"2145295","134"
"537623","133"
"148381","133"
"618598","133"
"1115584","133"
"82788","133"
"2961","133"
"176569","133"
"1018611","133"
"1740554","133"
"3190413","133"
"996493","133"
"909085","133"
"387927","133"
"47961","133"
"422870","133"
"847064","132"
"225396","132"
"3669940","132"
"1895303","132"
"1062015","132"
"294738","132"
"285850","132"
"796401","132"
"1326913","132"
"601493","132"
"542701","132"
"277084","132"
"231917","132"
"16959","132"
"543539","132"
"92018","131"
"280410","131"
"2206004","131"
"603516","131"
"1306419","131"
"967638","131"
"1777090","131"
"793522","131"
"602323","131"
"930728","131"
"446591","130"
"375874","130"
"336355","130"
"639753","130"
"194609","130"
"2662489","130"
"872803","130"
"1237","130"
"373653","130"
"1022330","130"
"79450","130"
"257356","130"
"739937","130"
"340556","130"
"487524","130"
"243991","130"
"79207","129"
"897024","129"
"41871","129"
"436560","129"
"1639556","129"
"6568","129"
"69875","129"
"24468","129"
"1448212","129"
"710051","129"
"106463","129"
"2875348","129"
"285873","129"
"2664350","129"
"1356423","129"
"1581576","129"
"485608","129"
"237321","128"
"4728","128"
"2953117","128"
"116388","128"
"2660367","128"
"166749","128"
"572","128"
"17335","128"
"319878","128"
"505714","128"
"449355","128"
"524946","128"
"619252","128"
"211197","127"
"3145373","127"
"981284","127"
"1165637","127"
"507810","127"
"488433","127"
"1803551","127"
"986169","127"
"3701228","127"
"1427460","127"
"827480","127"
"3352285","126"
"411393","126"
"43677","126"
"3195128","126"
"1350869","126"
"182690","126"
"8681","126"
"1717300","126"
"613495","126"
"2282011","126"
"68612","126"
"1989769","126"
"1373711","125"
"1310566","125"
"3861603","125"
"306602","125"
"668970","125"
"1285418","125"
"1224016","125"
"2358786","125"
"948268","125"
"675502","125"
"330184","125"
"309683","125"
"49573","125"
"513769","125"
"1575570","125"
"726863","125"
"717027","125"
"2761035","125"
"1167210","125"
"8026","124"
"2913064","124"
"453590","124"
"1680256","124"
"293686","124"
"3536342","124"
"182668","124"
"1303680","124"
"45163","124"
"1438733","124"
"1886855","124"
"2721865","124"
"277683","124"
"1652451","123"
"2083523","123"
"358163","123"
"546060","123"
"120513","123"
"366964","123"
"1897870","123"
"3001496","123"
"1173495","123"
"865403","123"
"17343","123"
"203600","123"
"2580516","123"
"987244","122"
"158658","122"
"102937","122"
"73652","122"
"1180621","122"
"61663","122"
"2544089","122"
"1871769","122"
"2467652","122"
"217019","121"
"646887","121"
"1244442","121"
"472109","121"
"56541","121"
"2616755","121"
"1640490","121"
"1084364","121"
"204845","121"
"1031887","121"
"838434","121"
"1910301","121"
"311455","121"
"2182351","121"
"1912077","121"
"38207","121"
"396730","121"
"2345933","120"
"234922","120"
"471160","120"
"552438","120"
"1078583","120"
"654187","120"
"67579","120"
"1691231","120"
"135294","120"
"1066828","120"
"650425","120"
"3057004","120"
"2090555","120"
"3928341","120"
"2607240","120"
"1291238","120"
"597310","119"
"1196603","119"
"429063","119"
"2982225","119"
"1937270","119"
"995822","119"
"150339","119"
"836214","119"
"775523","119"
"1193808","119"
"180740","119"
"2579839","119"
"1886012","118"
"1561247","118"
"45668","118"
"3080094","118"
"375232","118"
"1374311","118"
"380734","118"
"276232","118"
"2416313","118"
"828193","118"
"750378","118"
"3487063","118"
"36071","118"
"1207921","118"
"100970","118"
"45108","118"
"882403","118"
"268396","118"
"241990","118"
"1492947","118"
"360211","118"
"125382","118"
"1037767","118"
"524368","118"
"125844","118"
"254279","118"
"490961","118"
"1651073","117"
"606679","117"
"56044","117"
"542461","117"
"599436","117"
"1762224","117"
"44737","117"
"1032890","117"
"289625","117"
"546999","117"
"247221","117"
"23271","117"
"713106","117"
"978502","117"
"2919971","117"
"1530938","117"
"939008","116"
"1051677","116"
"48839","116"
"17832","116"
"512535","116"
"1967396","116"
"3313050","116"
"2015912","116"
"661797","116"
"961487","115"
"450989","115"
"1892179","115"
"18936","115"
"136445","115"
"31158","115"
"3249477","115"
"1382251","115"
"1276341","115"
"1109519","115"
"821202","115"
"44355","115"
"120808","115"
"1264476","115"
"469220","114"
"2011748","114"
"1276804","114"
"759762","114"
"1639625","114"
"181144","114"
"950178","114"
"676803","114"
"6365","114"
"625146","114"
"1076480","114"
"1755242","114"
"11092","114"
"1297641","113"
"367285","113"
"141172","113"
"827060","113"
"1820722","113"
"105744","113"
"424903","113"
"2575725","113"
"214668","113"
"968951","113"
"149392","113"
"2180290","113"
"190596","113"
"383838","113"
"2227526","113"
"1237610","113"
"511736","113"
"2581401","113"
"817543","113"
"3444376","112"
"198087","112"
"127938","112"
"541688","112"
"1054021","112"
"2846923","112"
"31818","112"
"686478","112"
"13317","112"
"116614","112"
"111331","112"
"3195526","112"
"3611648","112"
"34102","112"
"62848","111"
"3622940","111"
"1366871","111"
"1360888","111"
"1663592","111"
"169045","111"
"3537858","111"
"425406","111"
"843804","111"
"188107","111"
"869264","111"
"12950","111"
"1930838","111"
"181136","111"
"1583","111"
"279236","111"
"644450","111"
"1073386","111"
"183203","110"
"836738","110"
"1503849","110"
"896249","110"
"175070","110"
"2236253","110"
"518587","110"
"83741","110"
"530734","110"
"119365","110"
"473637","110"
"1229192","110"
"724835","110"
"2325987","110"
"433348","110"
"886749","110"
"69051","110"
"1653776","110"
"1401879","110"
"602928","110"
"2447152","109"
"3448419","109"
"3498062","109"
"110353","109"
"1911306","109"
"1030209","109"
"5346","109"
"213758","109"
"860630","109"
"491243","109"
"633150","109"
"2311148","109"
"1137432","109"
"2399024","109"
"1878670","109"
"1395863","109"
"1828937","109"
"291550","109"
"481863","109"
"2067704","109"
"1342984","109"
"448625","109"
"2398375","109"
"759126","108"
"97754","108"
"183579","108"
"263149","108"
"1015327","108"
"1465623","108"
"566092","108"
"472393","108"
"492364","108"
"8313","108"
"3265095","108"
"1968","108"
"413127","108"
"239101","108"
"557597","108"
"1122645","107"
"214525","107"
"1781611","107"
"2759848","107"
"505722","107"
"1285615","107"
"10098","107"
"545680","107"
"111991","107"
"758708","107"
"946679","107"
"85821","107"
"710099","107"
"1770716","107"
"1551022","107"
"3050","107"
"3278540","107"
"540286","107"
"136248","107"
"168493","107"
"7034","107"
"810802","107"
"422353","107"
"17041","107"
"1340183","107"
"45525","107"
"476716","107"
"505088","107"
"812149","106"
"913543","106"
"126916","106"
"1830513","106"
"19068","106"
"685962","106"
"634003","106"
"1490882","106"
"327679","106"
"298029","106"
"708434","106"
"599346","105"
"495545","105"
"487649","105"
"553279","105"
"154640","105"
"27358","105"
"115432","105"
"435187","105"
"991479","105"
"577181","105"
"1773303","105"
"141081","105"
"229672","105"
"742469","105"
"3890632","105"
"1023815","105"
"40013","105"
"438544","105"
"233014","105"
"2382246","104"
"3400481","104"
"63309","104"
"804773","104"
"2867032","104"
"2762311","104"
"1014830","104"
"169397","104"
"23704","104"
"346741","104"
"2338547","104"
"20770","104"
"525978","104"
"1096831","104"
"772000","104"
"826898","104"
"9990","104"
"5812","104"
"224346","104"
"34211","104"
"187986","104"
"2087640","104"
"836487","104"
"1037210","103"
"2287538","103"
"784043","103"
"1085861","103"
"15255","103"
"268273","103"
"1101692","103"
"368630","103"
"135683","103"
"1155801","103"
"249663","103"
"1605","103"
"385868","103"
"642161","103"
"688355","102"
"2398886","102"
"110478","102"
"633239","102"
"22704","102"
"991085","102"
"227192","102"
"679982","102"
"282229","102"
"2212650","102"
"1049678","102"
"950199","102"
"2357112","102"
"56285","102"
"748524","102"
"22595","102"
"3929133","102"
"2065083","102"
"270349","102"
"166611","102"
"966590","102"
"773616","102"
"169277","102"
"16076","102"
"438319","102"
"1391333","101"
"68105","101"
"238639","101"
"3481325","101"
"2057902","101"
"13956","101"
"706724","101"
"373151","101"
"548634","101"
"238052","101"
"1379286","101"
"5077","101"
"56242","101"
"1201272","101"
"442945","101"
"1596371","101"
"1473751","101"
"789657","101"
"1005481","101"
"838975","101"
"383402","100"
"527312","100"
"664421","100"
"294248","100"
"1064809","100"
"1064659","100"
"665657","100"
"879977","100"
"752320","100"
"763080","100"
"439317","100"
"2764255","100"
"75170","100"
"2492977","100"
"190816","100"
"2309","100"
"616700","100"
"2182928","99"
"960778","99"
"705676","99"
"474287","99"
"1068649","99"
"1164169","99"
"1223376","99"
"14731","99"
"879114","99"
"1103682","99"
"45914","99"
"2910751","99"
"1168884","99"
"1508907","99"
"720569","99"
"1204143","99"
"86515","99"
"2534148","99"
"1268844","99"
"118068","98"
"1594933","98"
"2308571","98"
"340390","98"
"3656904","98"
"1185262","98"
"3853425","98"
"357360","98"
"7595","98"
"2988","98"
"123378","98"
"1265724","98"
"2955","98"
"477771","98"
"18771","98"
"16542","98"
"376340","98"
"329637","98"
"971808","97"
"2181915","97"
"773623","97"
"1391924","97"
"626853","97"
"839601","97"
"1542547","97"
"741015","97"
"140803","97"
"384646","97"
"657427","97"
"68507","97"
"38031","97"
"556919","97"
"167973","97"
"1594817","97"
"614157","97"
"239168","97"
"1305516","97"
"823991","97"
"1036285","97"
"149341","97"
"1590950","97"
"906362","97"
"504685","97"
"177145","97"
"64044","96"
"1845200","96"
"306276","96"
"2106815","96"
"1065145","96"
"410946","96"
"732454","96"
"122101","96"
"583980","96"
"999043","96"
"1718213","96"
"580147","96"
"2402272","96"
"80901","96"
"876298","96"
"1964272","96"
"641955","96"
"994125","96"
"143972","96"
"733345","96"
"2427596","96"
"2109526","95"
"655172","95"
"192373","95"
"1844148","95"
"2136603","95"
"238303","95"
"424830","95"
"1061499","95"
"441899","95"
"354495","95"
"283200","95"
"1279145","95"
"134894","95"
"2197","95"
"2320817","95"
"2592326","95"
"1731383","95"
"658718","95"
"90566","95"
"48136","95"
"682965","95"
"1784585","95"
"60518","95"
"3434","95"
"494428","95"
"10397","95"
"299924","95"
"523908","94"
"1682820","94"
"252228","94"
"747873","94"
"129655","94"
"368926","94"
"671639","94"
"112964","94"
"1460509","94"
"2396624","94"
"3340","94"
"3224483","94"
"88442","94"
"68969","94"
"873875","94"
"193256","94"
"106979","94"
"2183804","94"
"954761","94"
"1741542","94"
"1989739","94"
"3626698","94"
"1676363","94"
"51577","93"
"17867","93"
"219159","93"
"346561","93"
"652497","93"
"2789764","93"
"758104","93"
"58220","93"
"274344","93"
"553308","93"
"63436","93"
"487534","93"
"1244610","93"
"1029225","93"
"232235","93"
"14637","93"
"168212","93"
"2093375","93"
"793934","93"
"390812","93"
"535275","93"
"9167","93"
"594406","93"
"10165","93"
"2777005","93"
"1686291","93"
"426812","92"
"532070","92"
"2015517","92"
"2336315","92"
"1247","92"
"973339","92"
"568635","92"
"12704","92"
"471782","92"
"550966","92"
"514065","92"
"2958086","92"
"1847873","92"
"870122","92"
"1047269","92"
"1144035","92"
"131652","92"
"828077","92"
"437679","92"
"60096","92"
"1551233","92"
"2086401","92"
"1071757","92"
"960828","92"
"831507","92"
"855421","92"
"309308","92"
"489041","92"
"576758","91"
"323221","91"
"1131435","91"
"1122053","91"
"3827","91"
"236465","91"
"1722818","91"
"513872","91"
"212589","91"
"35070","91"
"1185665","91"
"1645339","91"
"1560673","91"
"624003","91"
"389099","91"
"913369","91"
"1223719","91"
"568406","91"
"12631","91"
"228208","91"
"1286723","91"
"764040","91"
"1212596","91"
"419705","91"
"614141","91"
"1228454","91"
"180538","91"
"183397","90"
"1671448","90"
"183172","90"
"592746","90"
"328725","90"
"2835475","90"
"912104","90"
"946312","90"
"28760","90"
"3679490","90"
"282345","90"
"296108","90"
"190201","90"
"3755692","90"
"22992","90"
"2352432","90"
"1243996","90"
"2564545","90"
"626318","90"
"248082","90"
"113839","90"
"828867","90"
"907590","89"
"87206","89"
"737790","89"
"366299","89"
"114340","89"
"1109425","89"
"3138755","89"
"1267168","89"
"1088846","89"
"1396594","89"
"13051","89"
"197574","89"
"2615824","89"
"2399935","89"
"355931","89"
"611600","89"
"1310","89"
"27020","89"
"243782","89"
"12388","89"
"557091","89"
"57095","89"
"1320774","89"
"1392956","89"
"274466","89"
"2788","89"
"1012022","89"
"1181050","89"
"617450","89"
"1499066","89"
"1217178","89"
"312025","89"
"1250229","89"
"138256","89"
"1348","88"
"1578604","88"
"3824919","88"
"3364187","88"
"1193148","88"
"1433665","88"
"419377","88"
"1893995","88"
"804447","88"
"334274","88"
"571271","88"
"2428802","88"
"813618","88"
"379779","88"
"748883","88"
"79230","88"
"1029272","88"
"3246484","88"
"181412","88"
"114313","88"
"236345","88"
"197532","88"
"240566","88"
"17871","88"
"1073063","88"
"235710","88"
"40310","88"
"1057547","88"
"229743","88"
"429972","88"
"1333975","88"
"672736","88"
"933250","88"
"100402","88"
"354831","88"
"1194067","88"
"28053","87"
"2721119","87"
"134252","87"
"2833783","87"
"2680640","87"
"1100135","87"
"30316","87"
"172821","87"
"91012","87"
"59947","87"
"38896","87"
"637236","87"
"1810525","87"
"941357","87"
"3636680","87"
"1208445","87"
"1813625","87"
"1511951","87"
"449325","87"
"688206","87"
"119636","87"
"639210","87"
"671619","87"
"182971","87"
"102441","87"
"1319284","87"
"527288","87"
"14139","87"
"484972","86"
"1002790","86"
"739270","86"
"1199132","86"
"577485","86"
"310092","86"
"1220269","86"
"577334","86"
"2223067","86"
"245679","86"
"769265","86"
"1523115","86"
"652895","86"
"1116391","86"
"995876","86"
"1677948","86"
"2149440","86"
"448551","86"
"1746750","86"
"67063","86"
"1443084","86"
"58811","86"
"469201","86"
"168175","86"
"225667","86"
"1097600","86"
"2584700","86"
"493161","86"
"240443","86"
"3075037","86"
"314073","85"
"1180720","85"
"292728","85"
"1312080","85"
"421784","85"
"2661118","85"
"890904","85"
"958954","85"
"14419","85"
"1820286","85"
"408199","85"
"33622","85"
"1815355","85"
"1372207","85"
"900873","85"
"319149","85"
"2051454","85"
"635982","85"
"20029","85"
"675383","85"
"1758051","85"
"11614","85"
"3957309","85"
"396747","85"
"2656811","85"
"817399","85"
"2182220","85"
"645226","85"
"713646","85"
"1315397","85"
"1790644","85"
"356645","85"
"21838","85"
"904580","85"
"356594","85"
"3489074","85"
"306643","85"
"106671","84"
"47550","84"
"89766","84"
"664856","84"
"2764279","84"
"23572","84"
"1866587","84"
"668622","84"
"114066","84"
"529691","84"
"74694","84"
"234039","84"
"2430030","84"
"1431","84"
"753377","84"
"944108","84"
"594793","84"
"230188","84"
"1004307","84"
"763029","84"
"712358","84"
"2366418","84"
"582320","84"
"1741864","84"
"23637","84"
"1999393","84"
"65070","84"
"1111674","84"
"116880","84"
"692560","84"
"122313","84"
"201722","84"
"2029566","84"
"671092","83"
"3267497","83"
"557179","83"
"2344584","83"
"1164954","83"
"1228887","83"
"148870","83"
"1166447","83"
"516433","83"
"818557","83"
"417791","83"
"991065","83"
"259310","83"
"1023553","83"
"189950","83"
"83109","83"
"682559","83"
"82515","83"
"788883","83"
"1122039","83"
"638764","83"
"637679","83"
"106550","83"
"507864","83"
"2069350","83"
"5190","83"
"26816","83"
"1239718","83"
"1434031","83"
"2609085","83"
"737","83"
"1167744","83"
"223424","82"
"1072150","82"
"905619","82"
"1494265","82"
"1324631","82"
"1471","82"
"1589700","82"
"737842","82"
"1958461","82"
"296452","82"
"548526","82"
"1212363","82"
"350428","82"
"716076","82"
"211277","82"
"1206837","82"
"3818605","82"
"1189548","82"
"27423","82"
"2435872","82"
"1737813","82"
"265022","82"
"101095","82"
"42303","82"
"1135629","82"
"541686","82"
"1475346","82"
"349909","81"
"519718","81"
"243134","81"
"2955996","81"
"204143","81"
"89806","81"
"493682","81"
"303698","81"
"46375","81"
"968969","81"
"1870173","81"
"3482140","81"
"1921523","81"
"460802","81"
"197788","81"
"1434631","81"
"1747706","81"
"596781","81"
"745924","81"
"1236185","81"
"454470","81"
"8528","81"
"1253844","81"
"216517","81"
"1476062","81"
"1373425","81"
"151019","81"
"1946537","81"
"1617269","81"
"234009","81"
"579974","81"
"1913537","81"
"18187","81"
"242042","81"
"458157","81"
"95699","81"
"1649198","80"
"1606378","80"
"147373","80"
"1413240","80"
"1018659","80"
"3275788","80"
"273924","80"
"1702990","80"
"3825788","80"
"1880810","80"
"303254","80"
"1105376","80"
"907687","80"
"775138","80"
"95361","80"
"840441","80"
"463324","80"
"534406","80"
"637889","80"
"2239904","80"
"715592","80"
"216941","80"
"469414","80"
"807231","80"
"1290264","80"
"2245707","80"
"148059","80"
"655424","80"
"375722","80"
"521347","80"
"1782379","80"
"2592874","80"
"1180620","79"
"1636680","79"
"1766868","79"
"1428461","79"
"729881","79"
"1263543","79"
"1007273","79"
"419516","79"
"1193136","79"
"240698","79"
"1538036","79"
"25909","79"
"586086","79"
"7938","79"
"17300","79"
"904692","79"
"255139","79"
"306488","79"
"68283","79"
"238578","79"
"2392564","79"
"148608","79"
"922954","79"
"3182091","79"
"558433","79"
"3937","79"
"99901","79"
"2091925","79"
"903137","79"
"1342154","79"
"3492139","79"
"341369","78"
"3017003","78"
"1171620","78"
"511797","78"
"445131","78"
"48082","78"
"366447","78"
"1424229","78"
"1177636","78"
"137483","78"
"961125","78"
"980092","78"
"747320","78"
"506796","78"
"904316","78"
"1732709","78"
"214149","78"
"3587","78"
"210216","78"
"2194537","78"
"1788390","78"
"552347","78"
"1287342","78"
"960195","78"
"77409","78"
"440010","78"
"2023728","78"
"471272","78"
"1289716","78"
"883780","78"
"614807","78"
"592898","78"
"2216414","78"
"3361467","78"
"2363918","78"
"224671","78"
"12860","78"
"1311994","78"
"639616","78"
"258289","78"
"282538","78"
"100836","78"
"697031","78"
"1247705","78"
"3081206","78"
"854793","78"
"237033","78"
"1876839","78"
"821722","78"
"17833","77"
"2929205","77"
"573057","77"
"1349691","77"
"223339","77"
"34880","77"
"1026572","77"
"1126273","77"
"346112","77"
"53444","77"
"1125197","77"
"2823","77"
"1503535","77"
"835805","77"
"222593","77"
"821057","77"
"801434","77"
"428013","77"
"246263","77"
"167365","77"
"607637","77"
"47552","77"
"297696","77"
"857361","77"
"2126023","77"
"31828","77"
"103959","77"
"2106862","77"
"127059","77"
"864369","77"
"344155","77"
"21896","77"
"497339","77"
"544963","77"
"1503155","77"
"644010","77"
"549641","77"
"83406","77"