"57695","3539","10401"
"22656","290","9041"
"139985","2853","8679"
"571407","529","6842"
"157882","6039","6654"
"992484","584","6266"
"207421","15790","5872"
"131872","430","4887"
"522444","51","4759"
"203907","4029","4456"
"37213","621","4317"
"230513","2355","4171"
"418556","2712","3714"
"256196","5536","3444"
"438154","1481","3229"
"260990","79","3162"
"478399","394","3059"
"871026","434","3056"
"714968","548","2889"
"1831293","5024","2733"
"70604","7343","2728"
"53897","13634","2591"
"12960","1317","2557"
"1103872","466","2427"
"829571","17940","2406"
"2970947","1539","2400"
"105224","163","2377"
"276052","4033","2219"
"16883","3528","2199"
"21234","6762","2161"
"335858","46","2128"
"1707091","865","2107"
"984823","4730","2093"
"4725","2695","2060"
"34088","17681","2026"
"535871","1625","2008"
"1679863","8","1980"
"383861","13457","1937"
"2314073","111","1920"
"342852","3713","1912"
"367273","358","1872"
"1927832","3387","1798"
"605744","1889","1784"
"2587435","3728","1686"
"115145","192","1613"
"40342","2124","1587"
"103154","272","1577"
"869736","3049","1481"
"4249","717","1458"
"438992","1450","1458"
"1065197","1520","1436"
"1094597","17","1412"
"637853","69","1398"
"1293744","2860","1397"
"3218114","4659","1389"
"14955","3561","1377"
"1393766","2861","1360"
"573032","7187","1343"
"20654","7702","1282"
"1869846","1789","1281"
"3474","8289","1272"
"1093528","1267","1235"
"179850","25175","1223"
"301607","4459","1168"
"1221571","271","1159"
"552759","4319","1142"
"304","5672","1121"
"251173","4566","1118"
"135589","3920","1107"
"201359","392","1066"
"157247","605","1065"
"680925","758","1054"
"276101","5672","1036"
"155137","5990","1027"
"548225","1749","1012"
"1034737","5","1011"
"1357341","2464","1001"
"597657","18464","989"
"218978","5238","974"
"1081110","5305","968"
"1079354","7032","967"
"3049628","6964","967"
"18157","128","954"
"209513","2621","947"
"464988","733","939"
"302139","22265","912"
"243943","10","908"
"1189885","28","904"
"928711","511","904"
"1704529","1941","899"
"823393","15472","893"
"121747","129","885"
"280244","22156","873"
"6309","13848","868"
"714969","910","868"
"34397","20","866"
"45664","415","862"
"302916","145","858"
"265143","101","856"
"127320","7937","856"
"2310289","114","853"
"600500","15544","853"
"839646","4193","850"
"659804","79","847"
"139010","3179","845"
"7412","9167","841"
"2024761","369","835"
"592139","10036","829"
"228171","134","828"
"330057","1024","820"
"2300597","328","797"
"738746","38","790"
"653856","15921","789"
"241590","7056","787"
"318758","819","773"
"1076463","4222","769"
"1163607","5454","768"
"1735406","2752","764"
"300257","12609","764"
"183406","6015","764"
"77779","1036","759"
"131433","8175","755"
"1343161","86","753"
"513838","6228","743"
"905762","188","743"
"598289","51","741"
"506855","1034","739"
"572670","55","737"
"248432","871","733"
"59501","45159","729"
"474189","27318","727"
"2670892","3798","724"
"65868","3930","721"
"18393","-174","717"
"203657","35774","711"
"2071828","947","709"
"217324","8292","707"
"940428","153","706"
"2193767","204","699"
"1265660","12013","694"
"2396539","137148","687"
"305644","23","675"
"2711488","16545","673"
"12943","30015","665"
"642706","340996","652"
"3916","1530","650"
"1424875","3051","645"
"824987","2530","644"
"870248","29055","643"
"2353911","2141","639"
"1749753","151","639"
"20394","17449","635"
"184730","42983","624"
"129570","7","622"
"61974","1584","620"
"589259","31875","619"
"13792","7400","617"
"214010","79872","616"
"1587046","23391","615"
"391554","536","612"
"42769","473","612"
"2541560","18","612"
"331052","37","611"
"384706","572","608"
"521799","118297","605"
"808486","2725","605"
"142822","-1755","604"
"14860","1735","598"
"2464386","1507","597"
"177800","18416","596"
"1288","11084","594"
"104950","1177","592"
"749588","4618","587"
"616460","22862","586"
"1237040","3906","584"
"1003142","5","583"
"202009","5557","579"
"343955","2545","577"
"415448","6946","574"
"581994","16914","574"
"2598","5319","573"
"3182664","3595","570"
"390695","4784","566"
"1440565","3367","563"
"103043","2949","561"
"1449199","3391","558"
"263525","561","555"
"2670792","5","555"
"101361","3084","554"
"1155209","15346","549"
"551406","16968","544"
"149808","546","540"
"64174","5426","534"
"72673","7297","534"
"574479","357","531"
"172211","9813","524"
"697449","8288","524"
"116509","14447","522"
"27439","1633","520"
"106261","13335","520"
"2422776","1420","520"
"942391","29866","516"
"127479","130","516"
"750040","3359","515"
"1870555","61","514"
"82511","907","507"
"185541","127","506"
"1133011","1467","505"
"501696","55","504"
"416206","52505","504"
"24054","6258","503"
"1173114","7772","500"
"453005","1462","499"
"1040885","665","499"
"1997093","55","498"
"32090","1574","497"
"116639","23832","497"
"931982","636","496"
"13663","6540","496"
"949300","7559","496"
"13531","-3134","494"
"758280","3985","493"
"15619","7331","492"
"23072","4026","492"
"544983","2524","486"
"1206301","8042","485"
"443515","690","485"
"466862","6921","482"
"2664200","309","481"
"131368","660","481"
"185722","10419","480"
"352131","4241","478"
"86989","30178","473"
"2702504","27","473"
"61624","21683","472"
"50476","2491","472"
"1705598","105721","465"
"326480","11165","464"
"192444","232","463"
"3282808","20957","463"
"422597","2796","463"
"991778","33","463"
"584862","400","461"
"330315","6086","461"
"86604","20079","461"
"41423","1597","454"
"2415194","4024","452"
"47773","27","451"
"18573","557","448"
"1719067","14094","447"
"1019167","15114","446"
"1882149","10","446"
"180659","51","445"
"1048330","5425","445"
"697630","52448","444"
"731620","4835","443"
"1798593","6548","442"
"416564","8163","442"
"421195","1937","440"
"581205","28635","440"
"116472","1057","439"
"653230","962","438"
"271357","971","437"
"89266","14631","434"
"8946","22174","434"
"119772","4214","433"
"296328","1706","432"
"1711796","7274","431"
"13","708","431"
"205426","514","431"
"179630","9020","429"
"313137","7821","429"
"220834","1809","429"
"1076640","109","428"
"164835","407","428"
"21925","3691","428"
"19479","172","428"
"978917","338","427"
"3545273","10159","427"
"1501794","4","425"
"1864167","13","425"
"1305253","7442","424"
"312172","38994","422"
"2891664","7605","421"
"1057230","1881","420"
"1202025","33","420"
"372643","36781","420"
"559070","3428","418"
"693752","56517","418"
"122207","1095","416"
"1796579","1081","415"
"1113392","2299","410"
"1836","16150","409"
"204788","6259","409"
"114226","2901","408"
"1651233","4","406"
"395202","21158","405"
"66686","28688","403"
"121993","69","400"
"240078","1128","398"
"1827903","192","397"
"2189127","2420","397"
"501557","9068","396"
"1981279","283","396"
"1057429","8035","395"
"100516","4961","394"
"1291492","13","392"
"3893496","1904","392"
"1795530","7114","389"
"1631193","78","386"
"24582","4005","385"
"1380752","38","384"
"1225328","18956","383"
"1768232","38299","383"
"3636601","30","383"
"15880","7222","379"
"1455016","10729","375"
"233792","7992","375"
"298455","1836","375"
"3444777","28","374"
"2894369","259","374"
"100565","1682","373"
"699224","4617","373"
"1060350","40478","372"
"273200","9","372"
"723920","46","372"
"1654265","9767","371"
"1731862","8410","370"
"69258","3426","369"
"3269852","26","369"
"196211","8854","368"
"331515","22164","367"
"87197","10609","366"
"964243","88870","364"
"1624376","19387","364"
"570767","8","361"
"515034","4094","361"
"893","85","360"
"1151456","380","358"
"143585","7207","357"
"2107876","162","357"
"2365297","10","357"
"234901","1432","356"
"473070","9707","356"
"244128","3275","355"
"222674","342","355"
"397786","806","355"
"3296621","17","354"
"12048","49225","354"
"1894684","182","353"
"290629","12911","353"
"2164109","6123","349"
"223429","3461","349"
"17172","4160","348"
"1727645","6173","346"
"2616073","5312","345"
"3333","195","345"
"1025201","21","345"
"139595","7250","345"
"395659","6157","344"
"485337","2506","344"
"263004","2890","344"
"685641","36271","343"
"98811","14588","342"
"103206","10031","342"
"974186","11418","341"
"277304","30437","341"
"1065180","7462","341"
"20670","739","340"
"48933","1025","340"
"1256583","12716","339"
"2696260","6180","337"
"67606","13767","337"
"495796","16448","336"
"714965","20486","336"
"782719","3374","335"
"1267768","51997","334"
"289171","1419","334"
"1851024","53925","334"
"155020","18335","332"
"982341","8428","332"
"577423","49","331"
"1143825","20059","331"
"262683","3813","328"
"187141","496322","327"
"2587430","54","323"
"1001027","11529","321"
"507099","4255","321"
"35501","5192","321"
"54506","13570","320"
"2736496","47620","320"
"193906","426","320"
"2504224","15957","320"
"16853","758","319"
"1123123","20","319"
"343568","9025","319"
"85421","15939","319"
"2628956","8828","318"
"687514","1663","318"
"1479414","9494","317"
"217862","12885","316"
"1631379","37939","315"
"20938","-64","315"
"1622493","1324","313"
"1059372","12320","313"
"262022","7977","312"
"2197700","9422","312"
"256618","13982","311"
"1442874","27079","311"
"43582","1978","310"
"2115021","209","310"
"27198","1322","309"
"7345","14632","309"
"82118","5309","309"
"762913","3426","308"
"180100","7791","308"
"227140","8545","306"
"64967","9640","305"
"1064245","3242","303"
"939023","12250","303"
"126769","5663","302"
"118846","21140","302"
"227665","14199","302"
"947357","19180","300"
"348975","5209","299"
"843943","36616","299"
"531398","7894","296"
"821657","10749","296"
"691688","7494","296"
"449856","6366","295"
"527617","11057","294"
"554988","17808","294"
"1267661","54","293"
"301832","25522","293"
"993742","106","292"
"719363","155","291"
"44330","13470","291"
"341508","3037","290"
"19276","3177","290"
"1439305","47139","289"
"2073001","86","288"
"936832","14345","288"
"1346369","1478","286"
"12030","8417","286"
"162634","4571","286"
"2030471","2525","286"
"6509","160","286"
"2190336","14","286"
"181336","12186","286"
"73070","1498","284"
"846476","6846","283"
"812912","425","281"
"58956","3340","280"
"112877","3658","280"
"516167","145171","279"
"350890","1551","279"
"300311","22717","279"
"51382","2326","277"
"1060037","394","277"
"1130930","8946","277"
"140816","1684","277"
"142446","6216","274"
"303810","49286","274"
"1628375","360","274"
"170974","3328","273"
"67598","15002","272"
"751158","17173","272"
"21441","6452","272"
"41655","768","271"
"995891","75","271"
"144746","1149","271"
"104891","883","270"
"202694","6151","269"
"123582","21165","269"
"571189","14","269"
"406429","3338","269"
"474283","1067","269"
"664577","3462","268"
"35092","24","268"
"216021","2606","267"
"1667004","12950","266"
"438742","13013","265"
"84889","575","265"
"90848","60","265"
"1122959","9827","264"
"489261","1565","264"
"554431","66072","263"
"1210779","5279","263"
"166339","6196","263"
"2587166","1423","263"
"683735","5011","263"
"783412","27349","262"
"10973","6171","262"
"217332","62","262"
"1585767","2462","262"
"2380830","9714","261"
"1484739","1901","261"
"382763","19967","261"
"212211","3633","261"
"1813616","2923","260"
"1180968","4343","260"
"472792","68288","260"
"2798291","36705","260"
"1247781","75","260"
"80906","4252","260"
"851811","5973","260"
"2563754","39","259"
"284538","6755","259"
"367141","579","259"
"1163802","9086","259"
"771837","64","258"
"646634","6756","258"
"851273","596","258"
"112671","12636","257"
"1620671","423","257"
"26620","166","257"
"985949","508","257"
"1339987","60635","257"
"120163","42402","256"
"2477916","6452","256"
"1759845","48","255"
"1066240","1158","255"
"2898867","29864","254"
"185322","3582","254"
"1039952","457","253"
"202375","2000","252"
"24396","2071","252"
"1350762","7378","251"
"318174","281624","251"
"507519","14800","251"
"112079","30","251"
"671543","16297","249"
"2675669","11188","249"
"11296","7349","249"
"171061","9913","249"
"3230038","10514","249"
"1223693","190","249"
"3533191","4158","248"
"1400768","24548","248"
"179233","412","247"
"895215","10171","247"
"315306","250","247"
"363751","378372","247"
"1214089","20","247"
"82865","10532","247"
"20322","1022","246"
"919710","20561","246"
"178526","19689","245"
"605153","6880","245"
"555576","14199","245"
"378968","4819","245"
"873165","6951","244"
"608820","5042","244"
"545127","152847","244"
"1025118","116493","244"
"241717","-6670","244"
"1892802","22955","243"
"937892","4882","243"
"2187042","10108","242"
"8753","885","242"
"359035","6076","242"
"1426891","18619","242"
"6782","931","242"
"1768226","517","242"
"2038768","8899","242"
"44523","9022","242"
"1240763","5828","242"
"1599479","5848","242"
"160811","29","241"
"898478","3951","241"
"254643","714","241"
"778118","87","241"
"31480","13820","240"
"1932588","10285","239"
"1420279","64215","238"
"1268895","4809","238"
"1765039","5680","238"
"587884","168","238"
"1033896","434","237"
"2554605","8127","237"
"1945127","21","237"
"365237","89886","237"
"811001","2513","237"
"579580","13563","236"
"136540","6542","236"
"883033","1640","236"
"910736","490","235"
"3580294","35","235"
"2854908","10228","235"
"1043352","21220","234"
"68587","2689","234"
"705773","17566","233"
"3131203","6865","233"
"118228","271607","233"
"1168372","33","233"
"20634","632","233"
"82804","5598","233"
"12890","9996","233"
"2036397","1708","233"
"760656","14839","232"
"39622","8483","231"
"1441122","24598","231"
"57752","6646","231"
"1831987","507","231"
"1622894","54590","231"
"1231230","43335","230"
"1358722","28975","230"
"1360984","91","230"
"306030","1337","229"
"225757","20793","229"
"275567","7","229"
"330565","39","229"
"42126","2742","229"
"1907906","5225","229"
"70795","2159","229"
"1479853","23","229"
"702638","9","228"
"2598988","429","228"
"278836","125","228"
"9686","7644","228"
"784540","9768","228"
"1255746","20650","227"
"4893","150","227"
"330280","47688","226"
"1993366","36168","226"
"1844392","185","226"
"690553","1404","226"
"53300","388","225"
"24545","1973","225"
"1523342","57","225"
"1432","892","225"
"992151","228","225"
"67566","5152","225"
"2491410","2571","225"
"2316112","4502","225"
"313205","137","224"
"25949","1975","224"
"272075","3476","224"
"150771","5913","224"
"127035","3955","223"
"272451","2300","223"
"128812","9179","223"
"443716","41592","223"
"2745792","16414","223"
"1250303","67183","223"
"128645","13","222"
"122428","4680","222"
"1074097","6786","222"
"249543","2832","222"
"150978","19179","222"
"43786","27710","222"
"49246","-56","222"
"1428606","76382","221"
"635608","14","221"
"82559","4261","221"
"449693","6161","220"
"981744","1300","219"
"238704","560","219"
"609251","10557","219"
"2648","44697","219"
"61158","11490","219"
"2790364","1860","219"
"1850609","118967","218"
"1680957","49","218"
"338004","81223","218"
"84378","1495","217"
"361319","11","217"
"720161","293","216"
"3933089","15047","216"
"917548","162","215"
"1509578","375","215"
"3069254","8079","215"
"493823","20367","215"
"1273080","12267","214"
"56524","49144","214"
"2553797","6945","213"
"57423","10548","213"
"1611055","45","213"
"1142253","261","213"
"830964","20675","213"
"2706605","16","212"
"1085186","13","212"
"388299","13570","211"
"71399","3479","211"
"1464455","26753","211"
"1147529","24423","211"
"1360074","243","211"
"1022141","563","211"
"428904","3217","211"
"574799","537","210"
"1267068","64","210"
"15459","21799","210"
"114251","4374","209"
"391161","4379","209"
"925806","151","209"
"3895960","13","209"
"1468366","3935","209"
"767881","1524","209"
"696632","52246","209"
"575421","24","208"
"51292","19724","208"
"373962","7128","208"
"1069068","588","208"
"13447","4419","208"
"802050","984","208"
"185041","184","208"
"1115554","100027","208"
"2088000","9","207"
"630136","7837","207"
"419075","14206","207"
"838976","1076","207"
"1921273","21883","207"
"1089967","31368","207"
"26457","1741","207"
"216111","684","206"
"432806","17","206"
"598420","10","206"
"350491","8","206"
"1387157","2515","206"
"59279","33","205"
"1134211","23964","205"
"2959","19281","205"
"202214","22327","205"
"2033703","16692","205"
"18154","15517","204"
"1573835","31999","204"
"3222695","29","204"
"1026805","4875","204"
"1347281","462","204"
"153621","7889","203"
"1237575","96311","203"
"1751640","18992","203"
"3295","1427","203"
"7671","30869","203"
"1700321","15617","202"
"628242","3004","202"
"1058319","2465","202"
"2095090","17","202"
"1277252","690","202"
"765009","10402","202"
"1743852","83","201"
"820127","1177","201"
"318921","4421","201"
"930207","9","201"
"289396","4918","201"
"685923","48737","201"
"715171","285","200"
"12719","135","200"
"768795","115496","200"
"1145285","9855","200"
"180090","184","199"
"85306","8727","199"
"1734279","158426","199"
"2192903","316","199"
"1839336","72","198"
"3558960","224","198"
"8969","536","198"
"471607","12268","197"
"1054140","9349","197"
"775715","1636","197"
"291741","5870","197"
"1140748","37632","197"
"2756547","12295","197"
"2738565","271","196"
"363573","155071","196"
"303598","91306","196"
"451894","12440","196"
"1818045","18922","196"
"717214","53","196"
"1283215","15850","195"
"1827992","213","195"
"520957","104490","195"
"1763507","5422","195"
"1520364","5","195"
"1624202","12443","195"
"828625","13","195"
"7094","627","194"
"31136","1900","194"
"591495","1087","194"
"72478","39910","194"
"143938","2066","194"
"497106","288","193"
"2511915","30","193"
"831878","2545","193"
"878126","162620","193"
"62130","53066","193"
"1527","158","193"
"2413303","96222","192"
"881272","51451","192"
"332517","41882","192"
"523391","49356","192"
"2168879","162","192"
"1786065","3314","191"
"721269","10001","191"
"642340","683","191"
"555553","42","190"
"710877","5315","190"
"294097","5441","190"
"2109070","76680","190"
"496099","11910","189"
"2097529","24384","189"
"1331415","860","189"
"1891219","394","189"
"341291","9579","189"
"960524","11599","188"
"146347","10530","188"
"2472820","3511","188"
"27657","25425","188"
"1999125","7","188"
"2498729","295","187"
"353852","20","187"
"1235867","43153","187"
"801894","15801","187"
"1083951","4468","187"
"1961634","22613","187"
"654801","30785","187"
"1527544","9329","187"
"791998","1958","187"
"1729265","6150","186"
"1506071","15","186"
"1988693","9","186"
"2057294","13543","186"
"1082681","114181","186"
"373861","4770","186"
"384464","13916","186"
"967330","18598","186"
"323871","8089","185"
"396618","4253","185"
"58082","5715","185"
"185034","22929","184"
"857132","7","184"
"97745","7537","184"
"1031689","66728","184"
"293330","78","184"
"481248","13564","184"
"1570523","394","184"
"11142","1060","184"
"426412","767","184"
"162792","7412","184"
"17175","37275","184"
"477878","17","184"
"676877","34318","184"
"4028085","372","183"
"31506","5013","183"
"1515052","21363","183"
"722760","16","183"
"212952","976","182"
"2864740","19","182"
"813951","19336","182"
"118587","9206","182"
"3297613","21","182"
"2125973","91","182"
"2158288","186","182"
"1774643","5252","182"
"11654","438","181"
"10661","-660","181"
"1281407","3826","181"
"776244","12392","181"
"682495","994","181"
"43681","44841","181"
"35264","127735","180"
"2783244","358","180"
"987339","7961","180"
"2225572","7","180"
"1400897","88","180"
"637517","650","180"
"1264321","28496","180"
"39062","1443","179"
"871953","6679","179"
"356857","319","179"
"26483","13057","179"
"75126","6103","179"
"504956","16481","179"
"594183","1160","179"
"493939","2446","179"
"977676","829","178"
"1297272","14399","178"
"493928","251","178"
"51591","773","177"
"210526","3375","177"
"471070","19838","177"
"898289","34161","177"
"20862","8","176"
"4125191","4539","176"
"1161878","28000","176"
"48503","4990","176"
"100957","20748","176"
"834362","63","176"
"1180966","4819","175"
"2249962","6550","175"
"2535242","161","175"
"127359","22357","174"
"260633","2435","174"
"1816356","4988","174"
"688653","4","173"
"1438660","773","173"
"1055241","29744","173"
"116339","7240","173"
"113632","149398","173"
"1091466","105","173"
"1361506","20","172"
"878732","1718","172"
"23691","19272","172"
"152578","390","172"
"894565","32039","172"
"1802512","11805","172"
"450398","6134","172"
"1435657","884","172"
"2706300","97","171"
"500916","18554","171"
"1667773","19","171"
"1259109","2107","171"
"3171","252","171"
"643141","791","170"
"335638","11107","170"
"1760609","24","170"
"44089","15926","170"
"2106516","7178","170"
"1108032","2044","170"
"2111035","2246","169"
"507546","1297","169"
"306855","5728","169"
"315228","10","169"
"1114338","59","169"
"1299005","7011","169"
"189992","15324","169"
"135078","8567","168"
"2649012","8258","168"
"559026","3219","168"
"403132","244","168"
"9204","33532","168"
"3793867","11356","168"
"2953344","191","168"
"111988","90067","167"
"774183","35362","167"
"2075524","8138","167"
"1427124","7824","167"
"5171","1962","166"
"45935","15800","166"
"1278839","1663","166"
"104117","9517","166"
"2040040","215","166"
"84651","435","166"
"575659","33708","165"
"672586","2320","165"
"40581","2198","165"
"1936390","58","165"
"282968","16068","165"
"36305","7473","165"
"1613867","14","164"
"118133","1738","164"
"741404","23060","164"
"1707520","132","164"
"597770","2185","164"
"529630","2259","164"
"2144390","91928","164"
"321862","6268","164"
"2263089","6910","164"
"1324709","39","163"
"398670","16275","163"
"185723","27550","163"
"1977903","595","163"
"684934","2801","163"
"1212960","3695","163"
"812303","5816","163"
"760489","3397","163"
"1562558","10354","163"
"149311","5912","162"
"240646","2310","162"
"21005","6564","162"
"1279787","2831","162"
"531954","160054","162"
"2471439","893","162"
"145574","54873","162"
"2745755","411","162"
"106104","8988","161"
"2061763","1998","161"
"218454","103","161"
"575376","4","161"
"2362","10","161"
"3274830","8876","161"
"2792531","5","161"
"16828","4203","161"
"2667872","16901","161"
"902383","2519","161"
"838841","55002","161"
"1309650","142","160"
"115835","16143","160"
"420613","87389","160"
"1178669","49752","160"
"162684","193","160"
"620338","6765","160"
"1414799","49","160"
"2312796","138","160"
"628943","13849","160"
"1515592","7576","160"
"212555","240","160"
"53013","34076","160"
"492694","15747","160"
"771964","369","160"
"131929","19994","160"
"412763","754","159"
"155392","6137","159"
"172363","8298","159"
"60956","15772","159"
"1344008","215","159"
"191797","1899","159"
"1517453","6809","159"
"844882","10315","158"
"442451","201","158"
"1440720","3547","158"
"130964","7947","158"
"1249325","4893","158"
"1594980","1985","157"
"297762","75","157"
"966550","89","157"
"313400","161","157"
"1235698","123","157"
"261156","3111","157"
"717341","1742","157"
"1423227","40","157"
"63293","43665","157"
"13379","48101","157"
"120955","12213","157"
"776084","10302","156"
"1384984","138","156"
"2003986","13001","156"
"341117","29119","156"
"540873","148","156"
"334279","8875","156"
"2326914","51847","156"
"2327745","5987","156"
"425367","27","156"
"750987","28728","156"
"715269","213102","155"
"488241","61","155"
"728812","2869","155"
"23354","5347","155"
"1614244","51","155"
"213269","33537","155"
"445543","144969","155"
"1759128","4501","155"
"47110","8429","154"
"192247","24157","154"
"222467","2499","154"
"377270","336","154"
"525725","167178","154"
"2551312","8921","154"
"242930","1210","154"
"896588","7183","153"
"18122","11555","153"
"312884","4694","153"
"37298","78745","153"
"339637","2449","153"
"370305","7","153"
"321697","305","152"
"815566","32693","152"
"10026","32419","152"
"1035","6676","152"
"320700","7261","152"
"27905","18831","152"
"365719","4925","152"
"2991525","7227","151"
"1003886","10513","151"
"1283845","6394","151"
"1690982","9458","151"
"122607","31409","151"
"582675","3217","151"
"266956","11576","151"
"805007","39923","151"
"15472","1916","151"
"11721","3870","151"
"1281433","36851","151"
"1137043","21836","151"
"1122476","783","151"
"337251","18","150"
"139506","449","150"
"428916","5950","150"
"636009","10271","150"
"47190","27142","150"
"1300669","8869","150"
"319403","6830","150"
"1813858","27557","149"
"1540818","2658","149"
"1471203","87598","149"
"1370062","23574","149"
"1657364","270","149"
"345717","3898","149"
"78182","17664","149"
"741558","759","149"
"1735954","130","149"
"226975","1138","148"
"1528401","263814","148"
"49489","17832","148"
"639520","8489","148"
"1695163","319","148"
"1018419","15","148"
"513342","46780","147"
"287","11532","147"
"1311351","63","147"
"4203","19053","147"
"340088","146","147"
"83695","2696","147"
"1815485","30","147"
"95810","153","147"
"381345","120","147"
"1741671","33","147"
"350542","36588","147"
"2748004","23115","147"
"3484146","14","147"
"117839","8082","147"
"1423083","535","146"
"13687","143","146"
"560934","3369","146"
"145989","243242","146"
"528405","31921","146"
"374293","9292","146"
"29407","29","146"
"1235336","753","145"
"620554","1619","145"
"328862","8944","145"
"811918","706","145"
"12541","4167","145"
"2381006","238","145"
"1007169","10487","145"
"112222","3787","145"
"250260","222580","145"
"193453","13731","145"
"65464","14643","144"
"3260147","5020","144"
"29995","7715","144"
"89391","2262","144"
"560902","1177","144"
"1074041","1240","144"
"732016","38","144"
"307767","9271","144"
"221951","17112","144"
"673730","41","144"
"128397","12775","143"
"1919228","2810","143"
"379693","23179","143"
"1618135","14429","143"
"1144248","4854","143"
"1031945","52934","143"
"312407","8037","143"
"721079","75","143"
"756809","9046","143"
"14467","56782","143"
"948652","278","143"
"788109","138","143"
"1464763","170","143"
"836941","39616","143"
"1397268","2457","143"
"385478","8650","143"
"23771","10411","142"
"758133","168","142"
"2031799","18796","142"
"544198","27725","142"
"1531054","23576","142"
"247533","3389","142"
"143969","51","142"
"215651","47610","142"
"2099208","48","142"
"2662475","4438","141"
"796559","38232","141"
"25122","64054","141"
"230717","6799","141"
"138304","76279","141"
"2173738","13","141"
"982149","21938","141"
"1263942","33234","141"
"1075956","87","141"
"116791","6796","141"
"109880","190","140"
"2390083","11172","140"
"1446916","3565","140"
"220381","212","140"
"97627","21243","140"
"1011995","254","140"
"2660679","4505","140"
"179910","35","140"
"61479","3988","140"
"1820501","148","140"
"36611","1922","140"
"320180","454","140"
"786935","906","140"
"450811","4768","140"
"626273","51","140"
"868121","47956","140"
"445901","171","139"
"617373","2921","139"
"1218985","13673","139"
"2881298","27","139"
"244296","69","139"
"13189","385280","139"
"1485064","51767","139"
"137369","12613","139"
"459557","373","139"
"1327788","44347","138"
"236247","347898","138"
"746710","211","138"
"1466267","104344","138"
"162410","11994","138"
"1688441","24642","138"
"1973271","59380","138"
"1134181","18028","138"
"44124","5211","138"
"28169","2163","138"
"1869933","23437","137"
"1643558","48553","137"
"157672","8254","137"
"717630","119667","137"
"41619","4510","137"
"1449982","2453","137"
"143069","167","137"
"1767992","3909","137"
"1727092","661","137"
"2964945","127","136"
"2255089","82","136"
"968632","1121","136"
"247090","967","136"
"1026645","33","136"
"2055998","38","136"
"557500","65","136"
"1374773","3650","136"
"1135954","21561","136"
"413337","35396","136"
"11858","10737","135"
"3973","8997","135"
"547779","932","135"
"184581","2769","135"
"252552","33550","135"
"557363","15195","135"
"1522522","18551","135"
"2148953","3972","135"
"2817802","13788","135"
"1037609","59885","135"
"397016","5636","135"
"562388","13675","134"
"2145295","170","134"
"82609","224346","134"
"431356","72890","134"
"161895","59","134"
"861679","11","134"
"115018","14574","134"
"383936","12868","134"
"1305501","114","134"
"208446","4107","134"
"7512","32304","134"
"1018611","12","133"
"148381","4969","133"
"422870","11704","133"
"1740554","24597","133"
"618598","6003","133"
"2961","40915","133"
"176569","6632","133"
"1115584","25543","133"
"82788","18374","133"
"996493","16045","133"
"909085","13149","133"
"537623","45","133"
"387927","10230","133"
"3190413","131","133"
"47961","33136","133"
"225396","4386","132"
"847064","2811","132"
"3669940","195","132"
"1326913","1133","132"
"601493","12264","132"
"542701","4404","132"
"231917","2349","132"
"16959","17296","132"
"1895303","67925","132"
"796401","23738","132"
"1062015","16779","132"
"277084","15599","132"
"543539","2162","132"
"294738","244","132"
"285850","966","132"
"280410","2707","131"
"603516","499091","131"
"2206004","26","131"
"1777090","527","131"
"967638","173","131"
"92018","67028","131"
"602323","10588","131"
"1306419","17749","131"
"793522","6312","131"
"930728","33831","131"
"1237","606","130"
"639753","3990","130"
"872803","3986","130"
"739937","6793","130"
"194609","115277","130"
"257356","2387","130"
"2662489","3705","130"
"1022330","105817","130"
"243991","102649","130"
"340556","47521","130"
"373653","37","130"
"446591","148930","130"
"375874","87","130"
"336355","22940","130"
"79450","95995","130"
"487524","1022","130"
"710051","60149","129"
"106463","33","129"
"69875","54640","129"
"1581576","1141","129"
"2664350","18365","129"
"41871","126799","129"
"24468","20574","129"
"285873","16399","129"
"79207","709","129"
"6568","104","129"
"2875348","26733","129"
"485608","51","129"
"1448212","1268","129"
"1356423","16513","129"
"436560","19189","129"
"897024","34403","129"
"1639556","197","129"
"237321","2707","128"
"4728","2328","128"
"2660367","7873","128"
"116388","106","128"
"319878","16121","128"
"505714","26839","128"
"449355","402","128"
"524946","1932","128"
"619252","18","128"
"2953117","8","128"
"166749","116","128"
"572","1904","128"
"17335","14514","128"
"3701228","13384","127"
"1803551","753","127"
"986169","8","127"
"827480","28213","127"
"211197","3835","127"
"3145373","14149","127"
"981284","2807","127"
"507810","42","127"
"488433","733","127"
"1165637","20","127"
"1427460","145","127"
"1350869","2259","126"
"411393","789","126"
"3352285","17","126"
"1989769","8418","126"
"43677","77","126"
"3195128","12934","126"
"8681","440","126"
"1717300","12618","126"
"2282011","176","126"
"68612","2336","126"
"182690","22931","126"
"613495","13970","126"
"1285418","30314","125"
"717027","16197","125"
"1224016","75472","125"
"1167210","384","125"
"2358786","71","125"
"1310566","27837","125"
"306602","3329","125"
"3861603","11","125"
"1575570","19625","125"
"513769","34340","125"
"675502","6","125"
"948268","19314","125"
"330184","284","125"
"309683","23767","125"
"726863","923","125"
"1373711","60","125"
"668970","4810","125"
"49573","8140","125"
"2761035","447","125"
"453590","151690","124"
"2913064","32","124"
"293686","767","124"
"1303680","133","124"
"45163","18550","124"
"1438733","16","124"
"182668","53","124"
"1680256","2631","124"
"1886855","180","124"
"3536342","125","124"
"2721865","9","124"
"277683","41625","124"
"8026","9880","124"
"203600","3362","123"
"1652451","44971","123"
"366964","13272","123"
"17343","548","123"
"1897870","6003","123"
"3001496","11701","123"
"1173495","248776","123"
"2083523","5066","123"
"546060","88233","123"
"120513","22","123"
"358163","5775","123"
"865403","48035","123"
"2580516","28668","123"
"61663","105","122"
"102937","15354","122"
"987244","7","122"
"158658","52535","122"
"73652","2557","122"
"1871769","287","122"
"2544089","13772","122"
"2467652","14","122"
"1180621","716710","122"
"204845","9308","121"
"1244442","5016","121"
"56541","41","121"
"217019","135","121"
"396730","19505","121"
"1031887","7903","121"
"838434","16875","121"
"1084364","4212","121"
"2616755","48865","121"
"1640490","67","121"
"2182351","21322","121"
"311455","802","121"
"472109","82238","121"
"646887","65","121"
"1910301","118","121"
"1912077","39","121"
"38207","33039","121"
"234922","48980","120"
"2345933","16723","120"
"2090555","202","120"
"3928341","67192","120"
"1291238","424","120"
"552438","8","120"
"135294","2258","120"
"1066828","20784","120"
"2607240","801","120"
"650425","5847","120"
"654187","27644","120"
"471160","42813","120"
"1078583","74200","120"
"1691231","11","120"
"3057004","136","120"
"67579","1692","120"
"1937270","39686","119"
"1196603","2261","119"
"2982225","4361","119"
"597310","185","119"
"1193808","51","119"
"429063","6864","119"
"995822","28664","119"
"836214","7145","119"
"150339","8389","119"
"775523","4347","119"
"180740","7698","119"
"2579839","4437","119"
"1886012","21110","118"
"45668","6916","118"
"1207921","36","118"
"750378","78106","118"
"3487063","36","118"
"36071","12695","118"
"380734","3758","118"
"490961","90","118"
"125844","2353","118"
"524368","181","118"
"254279","763","118"
"268396","16926","118"
"882403","2474","118"
"241990","25789","118"
"375232","27435","118"
"1374311","18744","118"
"3080094","35622","118"
"45108","23887","118"
"1561247","322","118"
"276232","58220","118"
"828193","9376","118"
"2416313","36641","118"
"1037767","13549","118"
"125382","9534","118"
"1492947","224","118"
"360211","36824","118"
"100970","35759","118"
"1032890","32253","117"
"606679","2753","117"
"44737","22988","117"
"56044","14865","117"
"542461","5234","117"
"247221","19429","117"
"713106","14440","117"
"978502","17868","117"
"599436","65","117"
"1762224","26270","117"
"1651073","8541","117"
"23271","7049","117"
"546999","2641","117"
"289625","4351","117"
"2919971","21","117"
"1530938","1451","117"
"512535","18768","116"
"17832","11753","116"
"1967396","289","116"
"661797","12156","116"
"939008","752","116"
"1051677","24808","116"
"3313050","46729","116"
"2015912","153838","116"
"48839","6982","116"
"136445","19822","115"
"3249477","4413","115"
"31158","27416","115"
"1276341","10097","115"
"1109519","10893","115"
"450989","15624","115"
"961487","63","115"
"821202","413","115"
"1382251","10501","115"
"1892179","22","115"
"18936","5851","115"
"44355","3377","115"
"120808","9263","115"
"1264476","2057","115"
"759762","8","114"
"1639625","225","114"
"1276804","1808","114"
"676803","123069","114"
"6365","590","114"
"1076480","39331","114"
"1755242","15982","114"
"625146","53274","114"
"469220","10763","114"
"2011748","11832","114"
"950178","264","114"
"181144","313","114"
"11092","2217","114"
"1297641","42153","113"
"105744","5792","113"
"2227526","71","113"
"190596","34711","113"
"827060","15767","113"
"2581401","1297","113"
"511736","7061","113"
"1237610","11371","113"
"383838","6585","113"
"968951","29","113"
"141172","1100","113"
"1820722","21525","113"
"424903","12731","113"
"214668","61700","113"
"2575725","8430","113"
"367285","33407","113"
"2180290","8","113"
"149392","7","113"
"817543","1436","113"
"34102","34244","112"
"1054021","120219","112"
"3611648","15111","112"
"31818","10592","112"
"686478","74932","112"
"13317","37034","112"
"111331","7488","112"
"3195526","2495","112"
"127938","192398","112"
"541688","46597","112"
"3444376","21","112"
"198087","4776","112"
"116614","8","112"
"2846923","62871","112"
"3622940","16907","111"
"62848","40127","111"
"188107","147","111"
"843804","184619","111"
"1360888","53059","111"
"1583","3","111"
"644450","1581","111"
"279236","2476","111"
"1366871","124","111"
"1663592","88","111"
"169045","4088","111"
"181136","10956","111"
"3537858","33347","111"
"1930838","12215","111"
"12950","12","111"
"869264","35460","111"
"1073386","11434","111"
"425406","188","111"
"83741","46410","110"
"724835","38667","110"
"602928","30167","110"
"1401879","1317","110"
"69051","28293","110"
"530734","5113","110"
"2325987","487","110"
"183203","52","110"
"836738","42674","110"
"896249","3712","110"
"886749","208","110"
"433348","30233","110"
"1503849","131518","110"
"473637","115835","110"
"119365","12058","110"
"1229192","17847","110"
"1653776","652","110"
"2236253","14706","110"
"175070","44954","110"
"518587","1221","110"
"1137432","127","109"
"860630","679","109"
"2399024","7225","109"
"1395863","4081","109"
"1878670","37978","109"
"3448419","10312","109"
"213758","19","109"
"448625","69691","109"
"1342984","12","109"
"1030209","9128","109"
"481863","2732","109"
"2067704","4945","109"
"291550","54","109"
"1828937","53000","109"
"5346","707","109"
"633150","29628","109"
"2311148","2759","109"
"1911306","84061","109"
"2447152","13182","109"
"2398375","2769","109"
"3498062","1058","109"
"491243","33","109"
"110353","1390","109"
"759126","5196","108"
"413127","74624","108"
"239101","13434","108"
"492364","39","108"
"3265095","465","108"
"1968","98","108"
"1465623","1587","108"
"566092","70095","108"
"8313","15323","108"
"1015327","24439","108"
"263149","24324","108"
"183579","12524","108"
"97754","557","108"
"557597","106","108"
"472393","12520","108"
"1551022","70462","107"
"1122645","43","107"
"505088","16178","107"
"3050","8770","107"
"3278540","7","107"
"540286","1755","107"
"85821","36060","107"
"710099","105088","107"
"946679","107","107"
"758708","469","107"
"111991","9590","107"
"17041","48593","107"
"422353","26739","107"
"1340183","1192","107"
"505722","2869","107"
"10098","21483","107"
"545680","1730","107"
"1285615","296","107"
"136248","3841","107"
"476716","3876","107"
"1770716","6390","107"
"2759848","4748","107"
"1781611","2461","107"
"7034","18200","107"
"810802","40282","107"
"45525","14186","107"
"214525","71","107"
"168493","18928","107"
"1830513","764","106"
"19068","993","106"
"685962","394","106"
"634003","15753","106"
"298029","45352","106"
"126916","17975","106"
"913543","1329","106"
"812149","79","106"
"708434","5328","106"
"1490882","308","106"
"327679","398","106"
"991479","65","105"
"435187","293","105"
"1773303","8249","105"
"141081","28","105"
"3890632","91","105"
"495545","12913","105"
"1023815","3785","105"
"115432","3130","105"
"27358","115792","105"
"553279","12360","105"
"154640","24256","105"
"577181","1870","105"
"599346","35","105"
"233014","38748","105"
"438544","4707","105"
"40013","34698","105"
"487649","3483","105"
"742469","12565","105"
"229672","5812","105"
"63309","28","104"
"804773","12","104"
"2762311","329464","104"
"346741","20777","104"
"2338547","26","104"
"224346","5","104"
"826898","3800","104"
"23704","8666","104"
"9990","9","104"
"5812","28577","104"
"20770","60635","104"
"1014830","115915","104"
"187986","12601","104"
"2382246","1843","104"
"2087640","77546","104"
"1096831","1554","104"
"772000","69083","104"
"836487","24177","104"
"3400481","22340","104"
"2867032","66534","104"
"169397","7945","104"
"34211","10","104"
"525978","34939","104"
"268273","58994","103"
"1101692","46513","103"
"135683","5","103"
"249663","24","103"
"368630","66889","103"
"1085861","10","103"
"1037210","175","103"
"2287538","21340","103"
"784043","16671","103"
"1605","28","103"
"642161","110","103"
"385868","4558","103"
"15255","13987","103"
"1155801","20772","103"
"748524","40961","102"
"773616","93600","102"
"169277","471","102"
"16076","10","102"
"991085","14","102"
"688355","6035","102"
"110478","9440","102"
"633239","7403","102"
"2398886","27918","102"
"22704","4300","102"
"56285","110593","102"
"3929133","14","102"
"22595","12155","102"
"438319","88006","102"
"227192","117220","102"
"2212650","41","102"
"679982","37201","102"
"1049678","15844","102"
"282229","14660","102"
"166611","11479","102"
"270349","34329","102"
"2065083","99","102"
"950199","13593","102"
"2357112","55","102"
"966590","40","102"
"68105","5318","101"
"238639","8963","101"
"3481325","7","101"
"2057902","151492","101"
"1379286","36939","101"
"13956","1790","101"
"373151","830","101"
"706724","12963","101"
"789657","35","101"
"1473751","57","101"
"1005481","78723","101"
"838975","28778","101"
"1391333","11932","101"
"1201272","883","101"
"1596371","5119","101"
"5077","10971","101"
"442945","11599","101"
"238052","16199","101"
"548634","1629","101"
"56242","10131","101"
"1064659","572","100"
"664421","320","100"
"439317","11864","100"
"2764255","213","100"
"75170","9","100"
"2309","5021","100"
"616700","32","100"
"879977","4985","100"
"383402","2112","100"
"527312","26","100"
"2492977","8","100"
"665657","23","100"
"1064809","28483","100"
"294248","9716","100"
"190816","55220","100"
"763080","72554","100"
"752320","9579","100"
"1223376","1684","99"
"14731","282926","99"
"879114","6","99"
"1508907","1843","99"
"86515","8182","99"
"720569","789","99"
"1204143","192","99"
"1268844","20094","99"
"2534148","25236","99"
"474287","4788","99"
"1068649","80072","99"
"1164169","12917","99"
"1168884","12843","99"
"2182928","30352","99"
"960778","594","99"
"705676","412","99"
"1103682","668","99"
"45914","1278","99"
"2910751","4122","99"
"7595","13008","98"
"118068","40","98"
"340390","45145","98"
"2955","49474","98"
"376340","16426","98"
"357360","26201","98"
"1185262","5113","98"
"3853425","2628","98"
"3656904","1761","98"
"2308571","1482","98"
"1594933","9900","98"
"477771","30234","98"
"2988","11050","98"
"1265724","48","98"
"329637","4","98"
"123378","28514","98"
"18771","82","98"
"16542","4819","98"
"1036285","183","97"
"68507","16","97"
"140803","19436","97"
"614157","19301","97"
"1391924","87143","97"
"773623","18519","97"
"2181915","31970","97"
"823991","3849","97"
"971808","265","97"
"657427","205160","97"
"384646","671","97"
"741015","7869","97"
"177145","2485","97"
"1542547","10051","97"
"149341","79","97"
"239168","108025","97"
"556919","1368","97"
"38031","31526","97"
"626853","12","97"
"906362","4112","97"
"839601","83574","97"
"1305516","351","97"
"167973","2628","97"
"1594817","16","97"
"504685","1336","97"
"1590950","1207","97"
"1845200","16475","96"
"2106815","15574","96"
"999043","1479","96"
"876298","61273","96"
"994125","90","96"
"2427596","519","96"
"733345","11489","96"
"143972","22","96"
"122101","2848","96"
"732454","18194","96"
"641955","25577","96"
"410946","58971","96"
"1065145","64","96"
"64044","2217","96"
"306276","72281","96"
"583980","21","96"
"2402272","166","96"
"580147","44230","96"
"1718213","52815","96"
"1964272","25084","96"
"80901","119641","96"
"424830","3044","95"
"2136603","24074","95"
"354495","10888","95"
"283200","18470","95"
"1279145","23754","95"
"1061499","1083","95"
"441899","222282","95"
"655172","19730","95"
"494428","40","95"
"90566","7062","95"
"48136","36816","95"
"682965","8409","95"
"1784585","19171","95"
"60518","123324","95"
"192373","12619","95"
"299924","149","95"
"1844148","15896","95"
"658718","36018","95"
"10397","260","95"
"2109526","13250","95"
"238303","26947","95"
"1731383","15189","95"
"134894","25151","95"
"2197","20162","95"
"2320817","3059","95"
"2592326","5485","95"
"3434","8540","95"
"523908","147","94"
"1682820","175","94"
"747873","1454","94"
"3224483","14","94"
"88442","1807","94"
"68969","16292","94"
"129655","7","94"
"1741542","54","94"
"671639","24373","94"
"368926","7755","94"
"193256","37","94"
"106979","22806","94"
"2183804","4023","94"
"954761","15947","94"
"252228","336","94"
"1676363","33","94"
"1460509","56687","94"
"2396624","88702","94"
"3626698","1154","94"
"112964","3561","94"
"3340","11445","94"
"873875","31415","94"
"1989739","52","94"
"168212","20740","93"
"17867","9171","93"
"1029225","254","93"
"535275","8","93"
"2777005","1660","93"
"9167","7","93"
"758104","19","93"
"58220","154","93"
"274344","3244","93"
"553308","4773","93"
"63436","7818","93"
"232235","238","93"
"14637","6948","93"
"2789764","384882","93"
"219159","26530","93"
"652497","26353","93"
"346561","16432","93"
"51577","7477","93"
"594406","29252","93"
"10165","31708","93"
"487534","7720","93"
"1244610","29521","93"
"1686291","72257","93"
"2093375","981","93"
"793934","7887","93"
"390812","17","93"
"471782","52","92"
"550966","10571","92"
"532070","988","92"
"426812","54750","92"
"437679","8480","92"
"60096","36","92"
"1551233","1243","92"
"514065","6327","92"
"855421","4","92"
"1047269","30632","92"
"1144035","21","92"
"2958086","2676","92"
"1071757","308","92"
"1247","920","92"
"2336315","8","92"
"960828","477","92"
"2015517","996","92"
"12704","5887","92"
"568635","3182","92"
"831507","2331","92"
"870122","692","92"
"973339","48","92"
"131652","2114","92"
"489041","20722","92"
"828077","135","92"
"1847873","10244","92"
"309308","2029","92"
"2086401","21","92"
"624003","57219","91"
"3827","17625","91"
"1722818","310038","91"
"212589","9549","91"
"35070","106","91"
"576758","14724","91"
"764040","8237","91"
"1228454","1102","91"
"236465","241","91"
"12631","129458","91"
"1286723","19107","91"
"1645339","20108","91"
"1122053","17111","91"
"228208","14959","91"
"323221","2715","91"
"1131435","6","91"
"389099","28789","91"
"568406","96","91"
"1223719","3162","91"
"913369","34","91"
"1560673","105237","91"
"513872","240","91"
"1185665","6024","91"
"180538","25451","91"
"614141","29678","91"
"1212596","55753","91"
"419705","33","91"
"592746","347","90"
"328725","11384","90"
"2835475","11","90"
"912104","5781","90"
"3755692","2190","90"
"296108","36882","90"
"1243996","23","90"
"2352432","68558","90"
"828867","7224","90"
"28760","1638","90"
"22992","83021","90"
"1671448","5","90"
"183172","2326","90"
"946312","4150","90"
"626318","32","90"
"113839","73","90"
"248082","288","90"
"3679490","32","90"
"183397","13343","90"
"282345","8","90"
"190201","126","90"
"2564545","813","90"
"611600","2001","89"
"12388","47577","89"
"197574","13175","89"
"2615824","20","89"
"2399935","17708","89"
"114340","8063","89"
"3138755","8","89"
"1109425","716","89"
"1499066","39411","89"
"1310","6390","89"
"355931","4873","89"
"274466","829","89"
"2788","799","89"
"138256","20646","89"
"366299","31572","89"
"737790","215084","89"
"87206","42613","89"
"907590","9835","89"
"1088846","21794","89"
"1267168","117","89"
"27020","728","89"
"243782","3278","89"
"1012022","216","89"
"1181050","23","89"
"557091","84821","89"
"1250229","62733","89"
"312025","537","89"
"13051","10845","89"
"1396594","9675","89"
"57095","57","89"
"1320774","592","89"
"1392956","148336","89"
"617450","382747","89"
"1217178","101355","89"
"1433665","14065","88"
"1893995","41","88"
"40310","34104","88"
"235710","33703","88"
"813618","5414","88"
"379779","160276","88"
"1193148","7834","88"
"3824919","2147","88"
"1578604","23","88"
"3364187","15665","88"
"79230","357","88"
"1194067","4022","88"
"181412","68","88"
"114313","11122","88"
"236345","10123","88"
"1333975","2024","88"
"100402","968","88"
"429972","61888","88"
"419377","230","88"
"354831","46327","88"
"3246484","8708","88"
"804447","987","88"
"748883","4262","88"
"2428802","172144","88"
"334274","21453","88"
"1348","19139","88"
"933250","48332","88"
"17871","1549","88"
"672736","28005","88"
"1073063","255","88"
"1057547","16207","88"
"229743","8058","88"
"1029272","1651","88"
"240566","84414","88"
"571271","20925","88"
"197532","17755","88"
"637236","9","87"
"941357","1277","87"
"30316","12658","87"
"38896","168152","87"
"2680640","316091","87"
"1319284","41099","87"
"102441","2258","87"
"119636","49","87"
"449325","20694","87"
"688206","569","87"
"28053","295","87"
"1100135","143697","87"
"671619","5937","87"
"2833783","23997","87"
"2721119","23277","87"
"134252","33382","87"
"3636680","14075","87"
"1208445","3478","87"
"1810525","10","87"
"527288","271","87"
"14139","38041","87"
"59947","8381","87"
"172821","52012","87"
"91012","16898","87"
"182971","11","87"
"639210","16270","87"
"1813625","10451","87"
"1511951","613","87"
"2223067","6246","86"
"245679","4","86"
"769265","14783","86"
"1523115","34468","86"
"652895","28575","86"
"168175","16088","86"
"1746750","12441","86"
"67063","2173","86"
"1443084","60663","86"
"58811","132","86"
"484972","46900","86"
"1002790","6592","86"
"1116391","9930","86"
"995876","2117","86"
"739270","2618","86"
"1199132","97644","86"
"577485","7","86"
"2584700","36571","86"
"493161","1318","86"
"2149440","50881","86"
"1677948","306","86"
"1097600","289298","86"
"3075037","17","86"
"577334","2935","86"
"1220269","15533","86"
"310092","52218","86"
"448551","533","86"
"469201","24","86"
"225667","5547","86"
"240443","6","86"
"817399","4384","85"
"319149","17605","85"
"292728","71129","85"
"408199","274","85"
"33622","203601","85"
"396747","94694","85"
"900873","16","85"
"20029","1025","85"
"2661118","567","85"
"421784","890","85"
"3489074","330","85"
"635982","61037","85"
"713646","1599","85"
"1315397","1358","85"
"1790644","2308","85"
"306643","15696","85"
"356594","1414","85"
"314073","6948","85"
"1180720","20","85"
"958954","40545","85"
"904580","1555","85"
"890904","630","85"
"675383","4458","85"
"1758051","83991","85"
"11614","5560","85"
"1312080","54541","85"
"3957309","24","85"
"2656811","157044","85"
"356645","127460","85"
"1815355","155","85"
"1372207","12214","85"
"2051454","23738","85"
"14419","19615","85"
"1820286","223","85"
"2182220","21","85"
"645226","60493","85"
"21838","19552","85"
"2764279","393","84"
"1866587","29890","84"
"668622","19520","84"
"74694","70192","84"
"2366418","58","84"
"1999393","404","84"
"122313","1827","84"
"234039","61","84"
"594793","2839","84"
"116880","6540","84"
"47550","438","84"
"106671","362","84"
"1111674","27487","84"
"65070","8","84"
"692560","584","84"
"2029566","36","84"
"201722","108308","84"
"114066","472","84"
"89766","21418","84"
"664856","31750","84"
"23572","400109","84"
"712358","563","84"
"763029","5","84"
"230188","509","84"
"1741864","9","84"
"23637","234","84"
"1004307","113","84"
"582320","5522","84"
"529691","769","84"
"1431","76319","84"
"2430030","335","84"
"944108","515","84"
"753377","4609","84"
"557179","39688","83"
"788883","23458","83"
"682559","772","83"
"1164954","50","83"
"1228887","7","83"
"148870","5","83"
"82515","30","83"
"1434031","10","83"
"2609085","606","83"
"1239718","49788","83"
"671092","823","83"
"3267497","17","83"
"2344584","18","83"
"516433","62239","83"
"1166447","3350","83"
"638764","162","83"
"637679","12","83"
"5190","12","83"
"26816","6664","83"
"1167744","959","83"
"737","8936","83"
"1122039","6996","83"
"818557","29104","83"
"417791","37859","83"
"1023553","33087","83"
"83109","6","83"
"189950","13","83"
"259310","40","83"
"991065","342148","83"
"106550","29022","83"
"507864","22615","83"
"2069350","10","83"
"296452","20672","82"
"27423","11369","82"
"1494265","53228","82"
"905619","4180","82"
"1072150","24","82"
"223424","82","82"
"716076","23","82"
"1206837","7165","82"
"1737813","9267","82"
"42303","2927","82"
"737842","10551","82"
"541686","328","82"
"1475346","24407","82"
"350428","81308","82"
"1471","616","82"
"1589700","44702","82"
"1324631","69630","82"
"1958461","546","82"
"211277","18205","82"
"101095","58954","82"
"265022","11948","82"
"1189548","76933","82"
"3818605","20617","82"
"1212363","273","82"
"548526","160046","82"
"1135629","69","82"
"2435872","50444","82"
"596781","13617","81"
"349909","24","81"
"519718","9669","81"
"1921523","17496","81"
"460802","104007","81"
"89806","301","81"
"579974","55","81"
"1476062","69","81"
"1373425","1031","81"
"1913537","1578","81"
"204143","5537","81"
"2955996","3910","81"
"493682","149940","81"
"197788","41259","81"
"1434631","39","81"
"1747706","27","81"
"243134","16721","81"
"1946537","1056","81"
"234009","40","81"
"1617269","4841","81"
"242042","527464","81"
"18187","12480","81"
"458157","272490","81"
"95699","5626","81"
"745924","1654","81"
"1236185","289","81"
"46375","7007","81"
"303698","11013","81"
"968969","29","81"
"1870173","31222","81"
"3482140","177","81"
"151019","6869","81"
"454470","35881","81"
"1253844","3359","81"
"216517","72393","81"
"8528","47520","81"
"1880810","5677","80"
"273924","21789","80"
"3275788","62799","80"
"2239904","11169","80"
"216941","6637","80"
"303254","7","80"
"775138","31885","80"
"907687","8515","80"
"1649198","77","80"
"1606378","140","80"
"1018659","14677","80"
"95361","5406","80"
"469414","10085","80"
"2245707","11162","80"
"1413240","545","80"
"3825788","13","80"
"1782379","9929","80"
"2592874","141558","80"
"807231","34002","80"
"1290264","74606","80"
"148059","7414","80"
"637889","5690","80"
"463324","15804","80"
"840441","28179","80"
"534406","52294","80"
"1105376","3596","80"
"147373","27585","80"
"655424","135","80"
"375722","28948","80"
"1702990","10","80"
"521347","2166","80"
"715592","20779","80"
"1428461","988","79"
"1263543","269","79"
"904692","310","79"
"306488","186488","79"
"25909","145","79"
"240698","48","79"
"1538036","19565","79"
"1766868","2542","79"
"1180620","30910","79"
"17300","3462","79"
"99901","35","79"
"3937","4560","79"
"148608","5032","79"
"2091925","2916","79"
"903137","91109","79"
"1636680","17833","79"
"586086","108880","79"
"68283","541","79"
"1342154","97217","79"
"3492139","29032","79"
"7938","3548","79"
"255139","355305","79"
"1007273","8125","79"
"729881","485","79"
"419516","29358","79"
"1193136","20410","79"
"558433","8397","79"
"922954","1153","79"
"3182091","30987","79"
"238578","12965","79"
"2392564","28972","79"
"210216","26026","78"
"2194537","25","78"
"1788390","5","78"
"1177636","281","78"
"137483","13302","78"
"506796","1980","78"
"904316","29870","78"
"1311994","60","78"
"639616","29767","78"
"258289","182611","78"
"2023728","238293","78"
"341369","9645","78"
"3017003","103845","78"
"1171620","25332","78"
"552347","3217","78"
"1876839","8136","78"
"821722","330","78"
"1289716","1630","78"
"471272","34140","78"
"100836","54","78"
"697031","216","78"
"511797","126","78"
"366447","42032","78"
"1424229","120","78"
"1732709","13","78"
"48082","31249","78"
"214149","12381","78"
"3587","12198","78"
"3081206","56","78"
"1247705","7393","78"
"854793","10602","78"
"237033","21","78"
"3361467","7","78"
"2216414","206","78"
"883780","16180","78"
"614807","7","78"
"592898","69","78"
"2363918","212","78"
"12860","9625","78"
"1287342","2274","78"
"960195","861","78"
"77409","3355","78"
"445131","713556","78"
"980092","18093","78"
"961125","12532","78"
"747320","15882","78"
"282538","5312","78"
"440010","918","78"
"224671","16834","78"
"2106862","1103","77"
"821057","36","77"
"573057","65481","77"
"857361","6198","77"
"17833","13658","77"
"83406","7376","77"
"344155","769","77"
"428013","5890","77"
"801434","7995","77"
"47552","9198","77"
"607637","150252","77"
"246263","53622","77"
"167365","129965","77"
"1026572","860","77"
"127059","6","77"
"21896","46444","77"
"1349691","38730","77"
"223339","98","77"
"497339","1242","77"
"1126273","12470","77"
"297696","12","77"
"34880","3527","77"
"2126023","13641","77"
"2929205","23","77"
"544963","111","77"
"644010","515","77"
"1503155","23706","77"
"549641","508","77"
"1125197","15617","77"
"346112","72080","77"
"53444","83153","77"
"2823","5368","77"
"1503535","40","77"
"835805","12","77"
"222593","988","77"
"864369","1864","77"
"31828","5542","77"
"103959","5","77"